"source","original_local","sha256","manifest"
"artifacts/T04_coarse_to_cfo/production_ip_run15_reset_enabled_behavioral/generated_ip/t04_cmpy_17x16/t04_cmpy_17x16.xci","ip/t04_cmpy_17x16/t04_cmpy_17x16.xci","fd469868787320d0f12813917e20436bd2ab7a1ff564a138438304096b6daa8a","reports/T04_coarse_to_cfo/current_generation_v2_acceptance/attempt_20260901T221032526Z_28536_694b2e4e/evidence_sha256.csv"
"artifacts/T04_coarse_to_cfo/production_ip_run15_reset_enabled_behavioral/generated_ip/t04_cordic_translate_48/t04_cordic_translate_48.xci","ip/t04_cordic_translate_48/t04_cordic_translate_48.xci","3f2bf14c05015578856e3189ca919689faa94926f2f10477f2334a701897df58","reports/T04_coarse_to_cfo/current_generation_v2_acceptance/attempt_20260901T221032526Z_28536_694b2e4e/evidence_sha256.csv"
"artifacts/T04_coarse_to_cfo/production_ip_run15_reset_enabled_behavioral/generated_ip/t04_div_u63_u47/t04_div_u63_u47.xci","ip/t04_div_u63_u47/t04_div_u63_u47.xci","295a28b45a7a029fb19ef3fa0c28205f952a1d8fbbe670e365f3e5fe9961c4fb","reports/T04_coarse_to_cfo/current_generation_v2_acceptance/attempt_20260901T221032526Z_28536_694b2e4e/evidence_sha256.csv"
"artifacts/T04_coarse_to_cfo/production_ip_run15_reset_enabled_behavioral/generated_ip/t04_phase_scale_s48_x_1953125/t04_phase_scale_s48_x_1953125.xci","ip/t04_phase_scale_s48_x_1953125/t04_phase_scale_s48_x_1953125.xci","1c753aadf3a74d4602afc01a45d8070e080dc1545fe3a96d4a5815e66d7e9340","reports/T04_coarse_to_cfo/current_generation_v2_acceptance/attempt_20260901T221032526Z_28536_694b2e4e/evidence_sha256.csv"
"artifacts/T04_coarse_to_cfo/production_ip_run15_reset_enabled_behavioral/generated_ip/t04_square_s43/t04_square_s43.xci","ip/t04_square_s43/t04_square_s43.xci","41efcc599c652804205a798ebf3775f473c1284fef4118c99d9880be63d73a06","reports/T04_coarse_to_cfo/current_generation_v2_acceptance/attempt_20260901T221032526Z_28536_694b2e4e/evidence_sha256.csv"
"artifacts/T04_coarse_to_cfo/production_ip_run15_reset_enabled_behavioral/generated_ip/t04_square_u42/t04_square_u42.xci","ip/t04_square_u42/t04_square_u42.xci","5ad8967963fdec64d02e4a6263693e14529f7bf3483e360920ef5d5a4511f721","reports/T04_coarse_to_cfo/current_generation_v2_acceptance/attempt_20260901T221032526Z_28536_694b2e4e/evidence_sha256.csv"
"artifacts/T05_fine_timing/t05_ps1_reference_16lane.mem","ip/rom/t05_ps1_reference_16lane.mem","4a9c9a60a99497c7f4b50f952fb6433334152521865cdf953d7f2ea7b3486bef","reports/T05_fine_timing/full_top_ooc/run02_current_generation_v2_outage_fix/input_sha256.csv"
"config/t04_t05_acquisition_domain_v2.json","docs/baseline/t04_t05_acquisition_domain_v2.json","2a54710e8b62dc54fe1b1ef94ff637f3c735af4d49a10951f4462e8e0cb26e8d","reports/T04_coarse_to_cfo/current_generation_behavioral_smoke_v2/attempt_20260901T204252805Z_7804_8f2b546c/source_input_manifest_pre.csv"
"reports/T04_coarse_to_cfo/current_generation_fixture_v2/attempt_20260901T203107511Z_21372_fb5ee6a5/fixture_source/bit_true_selected_case_results.csv","sim/data/bit_true_selected_case_results.csv","a58beaf8e021645d0087ab08754224747f13e2190c25cb6ab8efeff8690f9526","reports/T04_coarse_to_cfo/current_generation_behavioral_smoke_v2/attempt_20260901T204252805Z_7804_8f2b546c/source_input_manifest_pre.csv"
"reports/T04_coarse_to_cfo/current_generation_fixture_v2/attempt_20260901T203107511Z_21372_fb5ee6a5/rtl_fixture_q3_45_current_generation/case_index.csv","sim/data/case_index.csv","71ec4b97f5eeee4fa474c9a560e49f949ca5f32c0b0b398179bbcb1bc54d2a7e","reports/T04_coarse_to_cfo/current_generation_behavioral_smoke_v2/attempt_20260901T204252805Z_7804_8f2b546c/source_input_manifest_pre.csv"
"reports/T04_coarse_to_cfo/current_generation_fixture_v2/attempt_20260901T203107511Z_21372_fb5ee6a5/rtl_fixture_q3_45_current_generation/expected_metrics.mem","sim/data/expected_metrics.mem","ec5c589f13d1dc34ad94e838af20ea5589615e03c4e7412e5196e2691fffbae4","reports/T04_coarse_to_cfo/current_generation_behavioral_smoke_v2/attempt_20260901T204252805Z_7804_8f2b546c/source_input_manifest_pre.csv"
"reports/T04_coarse_to_cfo/current_generation_fixture_v2/attempt_20260901T203107511Z_21372_fb5ee6a5/rtl_fixture_q3_45_current_generation/expected_results.mem","sim/data/expected_results.mem","f570d4c625bfa64177f5cb7e49061257f832c56eb6b61c4444bc03072043f6c1","reports/T04_coarse_to_cfo/current_generation_behavioral_smoke_v2/attempt_20260901T204252805Z_7804_8f2b546c/source_input_manifest_pre.csv"
"reports/T04_coarse_to_cfo/current_generation_fixture_v2/attempt_20260901T203107511Z_21372_fb5ee6a5/rtl_fixture_q3_45_current_generation/fixture_schema.json","sim/data/fixture_schema.json","e06b3e9d798c6e65247b523116e672626c3b841c9d4660376d73a5f4bc0739fc","reports/T04_coarse_to_cfo/current_generation_behavioral_smoke_v2/attempt_20260901T204252805Z_7804_8f2b546c/source_input_manifest_pre.csv"
"reports/T04_coarse_to_cfo/current_generation_fixture_v2/attempt_20260901T203107511Z_21372_fb5ee6a5/rtl_fixture_q3_45_current_generation/fixture_sha256.csv","sim/data/fixture_sha256.csv","23874b3c845cc4f7a4c6bc6506e93f6187f107e0a497f07ee63505e7828eb9ee","reports/T04_coarse_to_cfo/current_generation_behavioral_smoke_v2/attempt_20260901T204252805Z_7804_8f2b546c/source_input_manifest_pre.csv"
"reports/T04_coarse_to_cfo/current_generation_fixture_v2/attempt_20260901T203107511Z_21372_fb5ee6a5/rtl_fixture_q3_45_current_generation/stimulus_beats.mem","sim/data/stimulus_beats.mem","29427b1fd3ece8558693e843eb3bf15995eb3138b976d0acce114333503cc38f","reports/T04_coarse_to_cfo/current_generation_behavioral_smoke_v2/attempt_20260901T204252805Z_7804_8f2b546c/source_input_manifest_pre.csv"
"reports/T05_fine_timing/ip_probe_aux/ooc_125_run01/generated_ip/t05_div_quality_s64_s64_f15/t05_div_quality_s64_s64_f15.xci","ip/t05_div_quality_s64_s64_f15/t05_div_quality_s64_s64_f15.xci","e395f1c9408d6691b3c26c953ffdb575c55b93f4b3d46a0b3613c511c1c502dc","reports/T05_fine_timing/full_top_ooc/run02_current_generation_v2_outage_fix/input_sha256.csv"
"reports/T05_fine_timing/ip_probe_aux/ooc_125_run01/generated_ip/t05_mult_cfo_s19_const40_full59/t05_mult_cfo_s19_const40_full59.xci","ip/t05_mult_cfo_s19_const40_full59/t05_mult_cfo_s19_const40_full59.xci","2883ca9103a68aaadced04b5baf9711c821c0a36c95751f10a05d7c0d52032c9","reports/T05_fine_timing/full_top_ooc/run02_current_generation_v2_outage_fix/input_sha256.csv"
"reports/T05_fine_timing/ip_probe_aux/ooc_125_run01/generated_ip/t05_mult_quality_u46x36_full82/t05_mult_quality_u46x36_full82.xci","ip/t05_mult_quality_u46x36_full82/t05_mult_quality_u46x36_full82.xci","1e0a89cf9bbe05cc29a8de9828ac18bfddd77ad83a55d20ac5c21c0c593310a0","reports/T05_fine_timing/full_top_ooc/run02_current_generation_v2_outage_fix/input_sha256.csv"
"reports/T05_fine_timing/ip_probe_aux/ooc_125_run01/generated_ip/t05_mult_s18x18_full36/t05_mult_s18x18_full36.xci","ip/t05_mult_s18x18_full36/t05_mult_s18x18_full36.xci","81e9fe8d6ef1b82636a67aae95224d796cc23fda7281e8864bf6d01323cbf5d4","reports/T05_fine_timing/full_top_ooc/run02_current_generation_v2_outage_fix/input_sha256.csv"
"reports/T05_fine_timing/ip_probe_aux/ooc_125_run01/generated_ip/t05_mult_s48x48_full96/t05_mult_s48x48_full96.xci","ip/t05_mult_s48x48_full96/t05_mult_s48x48_full96.xci","1846f79abdf824686191ae2cecb90197c5ae44f190a357e75f6d336598fd6939","reports/T05_fine_timing/full_top_ooc/run02_current_generation_v2_outage_fix/input_sha256.csv"
"reports/T05_fine_timing/ip_probe/ooc_125_run02/generated_ip/t05_cmpy_corr_18x16/t05_cmpy_corr_18x16.xci","ip/t05_cmpy_corr_18x16/t05_cmpy_corr_18x16.xci","c56151d33825942053b2fdeaa8b47b96c393d6e7c43ad25f65f4f4de542cb7c7","reports/T05_fine_timing/full_top_ooc/run02_current_generation_v2_outage_fix/input_sha256.csv"
"reports/T05_fine_timing/ip_probe/ooc_125_run02/generated_ip/t05_cmpy_rotate_18x18/t05_cmpy_rotate_18x18.xci","ip/t05_cmpy_rotate_18x18/t05_cmpy_rotate_18x18.xci","0469988a6ecc103134c228e53a1abf3ceba93872b1ef508f567322e6e0edb067","reports/T05_fine_timing/full_top_ooc/run02_current_generation_v2_outage_fix/input_sha256.csv"
"reports/T05_fine_timing/ip_probe/ooc_125_run02/generated_ip/t05_cordic_rotate16_parallel/t05_cordic_rotate16_parallel.xci","ip/t05_cordic_rotate16_parallel/t05_cordic_rotate16_parallel.xci","9085b94745116a89f13e81122d9eb3688879f01c9fa269e6f8eadc6c9549e464","reports/T05_fine_timing/full_top_ooc/run02_current_generation_v2_outage_fix/input_sha256.csv"
"reports/T05_fine_timing/ip_probe/ooc_125_run02/generated_ip/t05_dds_pinc32_sincos18/t05_dds_pinc32_sincos18.xci","ip/t05_dds_pinc32_sincos18/t05_dds_pinc32_sincos18.xci","47ffc3ef7af5c3c904bc2ba6b6b1d6d8710f40fadaea6c68fa1eaf1b2a0e6382","reports/T05_fine_timing/full_top_ooc/run02_current_generation_v2_outage_fix/input_sha256.csv"
"rtl/common/bistatic_stream_pkg.sv","rtl/common/bistatic_stream_pkg.sv","7c2551aa0d2827fd04515a9e782b6c015a4d26ac050303823f0c69cda49dda83","reports/T04_coarse_to_cfo/current_generation_v2_acceptance/attempt_20260901T221032526Z_28536_694b2e4e/evidence_sha256.csv"
"rtl/t04/t04_coarse_sync_post_synth_top.sv","rtl/t04/t04_coarse_sync_post_synth_top.sv","b8f171ae9e13b1ae5721fd067ce41eb0dff74b6652dbf2a38b5b252d2e0e4ee1","reports/T04_coarse_to_cfo/current_generation_v2_acceptance/attempt_20260901T221032526Z_28536_694b2e4e/evidence_sha256.csv"
"rtl/t04/t04_coarse_sync.sv","rtl/t04/t04_coarse_sync.sv","a6d22c823b2acd53e244f37b3245e3419ae252f438ef05ec98372c7f650770ba","reports/T04_coarse_to_cfo/current_generation_v2_acceptance/attempt_20260901T221032526Z_28536_694b2e4e/evidence_sha256.csv"
"rtl/t04/t04_corr_energy_4lane.sv","rtl/t04/t04_corr_energy_4lane.sv","d23cebb433d6361d1e80044eca7b58180ddbe8008b7f00868fc9029bbcab5899","reports/T04_coarse_to_cfo/current_generation_v2_acceptance/attempt_20260901T221032526Z_28536_694b2e4e/evidence_sha256.csv"
"rtl/t04/t04_lag1024_beat_ring.sv","rtl/t04/t04_lag1024_beat_ring.sv","7a49639e4e9758500ecf7ccd7e137e15f977215f809bcaf5667dee7f3dfe66b2","reports/T04_coarse_to_cfo/current_generation_v2_acceptance/attempt_20260901T221032526Z_28536_694b2e4e/evidence_sha256.csv"
"rtl/t04/t04_metric_threshold.sv","rtl/t04/t04_metric_threshold.sv","b369459c1809649eea31b7d4f78374f874dc089525ea22d8f115a2c00a4e7e5c","reports/T04_coarse_to_cfo/current_generation_v2_acceptance/attempt_20260901T221032526Z_28536_694b2e4e/evidence_sha256.csv"
"rtl/t04/t04_phase_quality_engine.sv","rtl/t04/t04_phase_quality_engine.sv","00ea6dd56ab707ca512ad020ee1f9cf4b40959f455e278283797346c75b73f48","reports/T04_coarse_to_cfo/current_generation_v2_acceptance/attempt_20260901T221032526Z_28536_694b2e4e/evidence_sha256.csv"
"rtl/t04/t04_plateau_selector.sv","rtl/t04/t04_plateau_selector.sv","1cc49d5a70a494444d3b7cbe07aec4b329a97c0b7e4e3638c7b31d66315966d8","reports/T04_coarse_to_cfo/current_generation_v2_acceptance/attempt_20260901T221032526Z_28536_694b2e4e/evidence_sha256.csv"
"rtl/t04/t04_result_pair_fifo.sv","rtl/t04/t04_result_pair_fifo.sv","2d9a7999abc99213257adc301befdbeb0a3b0d22ae67d71ac4e96bc0e9f7de34","reports/T04_coarse_to_cfo/current_generation_v2_acceptance/attempt_20260901T221032526Z_28536_694b2e4e/evidence_sha256.csv"
"rtl/t04/t04_rolling_sc_accumulator.sv","rtl/t04/t04_rolling_sc_accumulator.sv","6cb46c508d1d5e5cfccaf0af5751c56b3692af7fcc2596d28f955649456c0947","reports/T04_coarse_to_cfo/current_generation_v2_acceptance/attempt_20260901T221032526Z_28536_694b2e4e/evidence_sha256.csv"
"rtl/t04/t04_safe_phase_replay.sv","rtl/t04/t04_safe_phase_replay.sv","cf45407d5b02800e0fb9379f8bc27328c29c975aa0a018ad18ee30ebdb790c23","reports/T04_coarse_to_cfo/current_generation_v2_acceptance/attempt_20260901T221032526Z_28536_694b2e4e/evidence_sha256.csv"
"rtl/t05/t05_cfo_window_corrector.sv","rtl/t05/t05_cfo_window_corrector.sv","fa6a88b7e576baa07e0edbfd7d9c4b8af8875dbd51dc6b2d8a1301d96ec5db79","reports/T05_fine_timing/full_top_ooc/run02_current_generation_v2_outage_fix/input_sha256.csv"
"rtl/t05/t05_corr_accumulator.sv","rtl/t05/t05_corr_accumulator.sv","c53aa7beb516f3436c88c61c4fb8bb14fa3e6fedce8a5b066fbdb9c31fb7f784","reports/T05_fine_timing/full_top_ooc/run02_current_generation_v2_outage_fix/input_sha256.csv"
"rtl/t05/t05_corr_cmpy_array.sv","rtl/t05/t05_corr_cmpy_array.sv","abdaba7cb4e4653c2b3d9a36a6789497c416d9b4fc22951924fe37fb13ccc51a","reports/T05_fine_timing/full_top_ooc/run02_current_generation_v2_outage_fix/input_sha256.csv"
"rtl/t05/t05_corr_metric_controller.sv","rtl/t05/t05_corr_metric_controller.sv","fab5915ebe5562921a416c92d0595923eb1ab6799093c62474462984ba5163bc","reports/T05_fine_timing/full_top_ooc/run02_current_generation_v2_outage_fix/input_sha256.csv"
"rtl/t05/t05_corr_scheduler.sv","rtl/t05/t05_corr_scheduler.sv","875ca0ccdbaa3b4b39cbb3b9005cb8f4caaec42b17f4b87c22d68356a45b3e94","reports/T05_fine_timing/full_top_ooc/run02_current_generation_v2_outage_fix/input_sha256.csv"
"rtl/t05/t05_corrected_local_buffer.sv","rtl/t05/t05_corrected_local_buffer.sv","be980ce09a771d0162e7c45d826f8d228a39859e1b93133a0ca0d624d3c973fd","reports/T05_fine_timing/full_top_ooc/run02_current_generation_v2_outage_fix/input_sha256.csv"
"rtl/t05/t05_energy_prefix_buffer.sv","rtl/t05/t05_energy_prefix_buffer.sv","1d889a1f0e5191e06257ba58f3aa0a5723975f985ada30760c74cdb0f5a7ffbb","reports/T05_fine_timing/full_top_ooc/run02_current_generation_v2_outage_fix/input_sha256.csv"
"rtl/t05/t05_fine_timing_core.sv","rtl/t05/t05_fine_timing_core.sv","230068c542ed4e34d3edd7ba9679d0339ccb1ac949ae003107137bb5f26eb280","reports/T05_fine_timing/full_top_ooc/run02_current_generation_v2_outage_fix/input_sha256.csv"
"rtl/t05/t05_fine_timing.sv","rtl/t05/t05_fine_timing.sv","8e11cd14b23d8dc6d5082c1b30d8cfabcc81d2c27748a5f2093c4d0fec61d68d","reports/T05_fine_timing/full_top_ooc/run02_current_generation_v2_outage_fix/input_sha256.csv"
"rtl/t05/t05_local_capture_buffer.sv","rtl/t05/t05_local_capture_buffer.sv","ed5ffde09f09762f4c8ad998495521be32fecd57e4d26c2b08b08a97c8b24c3c","reports/T05_fine_timing/full_top_ooc/run02_current_generation_v2_outage_fix/input_sha256.csv"
"rtl/t05/t05_local_window_reader.sv","rtl/t05/t05_local_window_reader.sv","484fa07a60c67db7f0814d0b050aee1eccff5c74a2a14df7e51f5baf13aaf23c","reports/T05_fine_timing/full_top_ooc/run02_current_generation_v2_outage_fix/input_sha256.csv"
"rtl/t05/t05_partitioned_corr_engine.sv","rtl/t05/t05_partitioned_corr_engine.sv","17a5971d1ab89dc602ef9133720231c0d0354c24333f13c4ddec5dec5dbaf151","reports/T05_fine_timing/full_top_ooc/run02_current_generation_v2_outage_fix/input_sha256.csv"
"rtl/t05/t05_peak_selector.sv","rtl/t05/t05_peak_selector.sv","383245620c747c578f1a195e7e97c0ee7af2c8940f0e0a81ade37ff6a9c91256","reports/T05_fine_timing/full_top_ooc/run02_current_generation_v2_outage_fix/input_sha256.csv"
"rtl/t05/t05_phase_increment_controller.sv","rtl/t05/t05_phase_increment_controller.sv","d1c5d4ca3427affaed482413262280fe0a7daebe5b09ccc057583398d603fef1","reports/T05_fine_timing/full_top_ooc/run02_current_generation_v2_outage_fix/input_sha256.csv"
"rtl/t05/t05_ps1_reference_rom.sv","rtl/t05/t05_ps1_reference_rom.sv","ec830343f704db0f6142aef22eafa47101103c1363cbb463300750a62d3e95a4","reports/T05_fine_timing/full_top_ooc/run02_current_generation_v2_outage_fix/input_sha256.csv"
"rtl/t05/t05_quality_controller.sv","rtl/t05/t05_quality_controller.sv","a71dfa3967fadd52e59782ae651de78e40174f9787c4d2b89df958afaf18e949","reports/T05_fine_timing/full_top_ooc/run02_current_generation_v2_outage_fix/input_sha256.csv"
"rtl/t05/t05_quality_vendor_adapters.sv","rtl/t05/t05_quality_vendor_adapters.sv","bfbc352dde06876a9bfc5c06acf626a141f18f48c7fcf72a4272ac87ab6f83dd","reports/T05_fine_timing/full_top_ooc/run02_current_generation_v2_outage_fix/input_sha256.csv"
"rtl/t05/t05_t04_pair_join.sv","rtl/t05/t05_t04_pair_join.sv","e92e89ff819f60c808f9bcc7fb7b5a0278fe1d7a61da18b81b6acb5c01a33cc0","reports/T05_fine_timing/full_top_ooc/run02_current_generation_v2_outage_fix/input_sha256.csv"
"rtl/t05/t05_vendor_multiplier_adapters.sv","rtl/t05/t05_vendor_multiplier_adapters.sv","92fc0e54ee6c733459cb7f89e94c55d7189eb655eb2181cb52077af85b58c54e","reports/T05_fine_timing/full_top_ooc/run02_current_generation_v2_outage_fix/input_sha256.csv"
"tb/t04/t04_coarse_sync_current_generation_v2_tb.sv","sim/tb/t04_coarse_sync_current_generation_v2_tb.sv","55b0e617ac74694af31d4febedf19ff78df49b9abb9d62d16baa31c5651a26f7","reports/T04_coarse_to_cfo/current_generation_behavioral_smoke_v2/attempt_20260901T204252805Z_7804_8f2b546c/source_input_manifest_pre.csv"
