"relative_path","sha256"
"rtl/common/bistatic_stream_pkg.sv","7c2551aa0d2827fd04515a9e782b6c015a4d26ac050303823f0c69cda49dda83"
"rtl/t05/t05_cfo_window_corrector.sv","fa6a88b7e576baa07e0edbfd7d9c4b8af8875dbd51dc6b2d8a1301d96ec5db79"
"rtl/t05/t05_corr_accumulator.sv","c53aa7beb516f3436c88c61c4fb8bb14fa3e6fedce8a5b066fbdb9c31fb7f784"
"rtl/t05/t05_corr_cmpy_array.sv","abdaba7cb4e4653c2b3d9a36a6789497c416d9b4fc22951924fe37fb13ccc51a"
"rtl/t05/t05_corr_metric_controller.sv","fab5915ebe5562921a416c92d0595923eb1ab6799093c62474462984ba5163bc"
"rtl/t05/t05_corr_scheduler.sv","875ca0ccdbaa3b4b39cbb3b9005cb8f4caaec42b17f4b87c22d68356a45b3e94"
"rtl/t05/t05_corrected_local_buffer.sv","be980ce09a771d0162e7c45d826f8d228a39859e1b93133a0ca0d624d3c973fd"
"rtl/t05/t05_energy_prefix_buffer.sv","1d889a1f0e5191e06257ba58f3aa0a5723975f985ada30760c74cdb0f5a7ffbb"
"rtl/t05/t05_fine_timing_core.sv","230068c542ed4e34d3edd7ba9679d0339ccb1ac949ae003107137bb5f26eb280"
"rtl/t05/t05_fine_timing.sv","8e11cd14b23d8dc6d5082c1b30d8cfabcc81d2c27748a5f2093c4d0fec61d68d"
"rtl/t05/t05_local_capture_buffer.sv","ed5ffde09f09762f4c8ad998495521be32fecd57e4d26c2b08b08a97c8b24c3c"
"rtl/t05/t05_local_window_reader.sv","484fa07a60c67db7f0814d0b050aee1eccff5c74a2a14df7e51f5baf13aaf23c"
"rtl/t05/t05_partitioned_corr_engine.sv","17a5971d1ab89dc602ef9133720231c0d0354c24333f13c4ddec5dec5dbaf151"
"rtl/t05/t05_peak_selector.sv","383245620c747c578f1a195e7e97c0ee7af2c8940f0e0a81ade37ff6a9c91256"
"rtl/t05/t05_phase_increment_controller.sv","d1c5d4ca3427affaed482413262280fe0a7daebe5b09ccc057583398d603fef1"
"rtl/t05/t05_ps1_reference_rom.sv","ec830343f704db0f6142aef22eafa47101103c1363cbb463300750a62d3e95a4"
"rtl/t05/t05_quality_controller.sv","a71dfa3967fadd52e59782ae651de78e40174f9787c4d2b89df958afaf18e949"
"rtl/t05/t05_quality_vendor_adapters.sv","bfbc352dde06876a9bfc5c06acf626a141f18f48c7fcf72a4272ac87ab6f83dd"
"rtl/t05/t05_t04_pair_join.sv","e92e89ff819f60c808f9bcc7fb7b5a0278fe1d7a61da18b81b6acb5c01a33cc0"
"rtl/t05/t05_vendor_multiplier_adapters.sv","92fc0e54ee6c733459cb7f89e94c55d7189eb655eb2181cb52077af85b58c54e"
"reports/T05_fine_timing/ip_probe/ooc_125_run02/generated_ip/t05_cmpy_corr_18x16/t05_cmpy_corr_18x16.dcp","2b44586b7d1dadc596e32a2356f87723b179eb4a3bf6ee1a360cdd0b192036f0"
"reports/T05_fine_timing/ip_probe/ooc_125_run02/generated_ip/t05_cmpy_corr_18x16/t05_cmpy_corr_18x16.xci","c56151d33825942053b2fdeaa8b47b96c393d6e7c43ad25f65f4f4de542cb7c7"
"reports/T05_fine_timing/ip_probe/ooc_125_run02/generated_ip/t05_cmpy_rotate_18x18/t05_cmpy_rotate_18x18.dcp","28274e86e12de299b2e8b502d8f2fe8b5f20e2da8aaaf7b905feaf3c9feca7ca"
"reports/T05_fine_timing/ip_probe/ooc_125_run02/generated_ip/t05_cmpy_rotate_18x18/t05_cmpy_rotate_18x18.xci","0469988a6ecc103134c228e53a1abf3ceba93872b1ef508f567322e6e0edb067"
"reports/T05_fine_timing/ip_probe/ooc_125_run02/generated_ip/t05_cordic_rotate16_parallel/t05_cordic_rotate16_parallel.dcp","e1072d49fda8e023ae3ea293a29d58192c49c201c7bdbf41ac7bbb91ea2f14b4"
"reports/T05_fine_timing/ip_probe/ooc_125_run02/generated_ip/t05_cordic_rotate16_parallel/t05_cordic_rotate16_parallel.xci","9085b94745116a89f13e81122d9eb3688879f01c9fa269e6f8eadc6c9549e464"
"reports/T05_fine_timing/ip_probe/ooc_125_run02/generated_ip/t05_dds_pinc32_sincos18/t05_dds_pinc32_sincos18.dcp","699729f7523cd61a2a4d6ab0a4b8397fb7676d9c8235c49b0a22f0aaf89fb47e"
"reports/T05_fine_timing/ip_probe/ooc_125_run02/generated_ip/t05_dds_pinc32_sincos18/t05_dds_pinc32_sincos18.xci","47ffc3ef7af5c3c904bc2ba6b6b1d6d8710f40fadaea6c68fa1eaf1b2a0e6382"
"reports/T05_fine_timing/ip_probe_aux/ooc_125_run01/generated_ip/t05_div_quality_s64_s64_f15/t05_div_quality_s64_s64_f15.dcp","f940fc0801079cbfd2d86ed29b0fd2754496a1cabc92c66c5aad813adcb210f4"
"reports/T05_fine_timing/ip_probe_aux/ooc_125_run01/generated_ip/t05_div_quality_s64_s64_f15/t05_div_quality_s64_s64_f15.xci","e395f1c9408d6691b3c26c953ffdb575c55b93f4b3d46a0b3613c511c1c502dc"
"reports/T05_fine_timing/ip_probe_aux/ooc_125_run01/generated_ip/t05_mult_cfo_s19_const40_full59/t05_mult_cfo_s19_const40_full59.dcp","b13d7bbdc3ec0a93b0d5e89597d7b56ee3b07496c4ba8a9dc94c3b6e83b79a59"
"reports/T05_fine_timing/ip_probe_aux/ooc_125_run01/generated_ip/t05_mult_cfo_s19_const40_full59/t05_mult_cfo_s19_const40_full59.xci","2883ca9103a68aaadced04b5baf9711c821c0a36c95751f10a05d7c0d52032c9"
"reports/T05_fine_timing/ip_probe_aux/ooc_125_run01/generated_ip/t05_mult_quality_u46x36_full82/t05_mult_quality_u46x36_full82.dcp","1b55657ad17ffdbcb29da2613d0427dded1e44d8b317b9562064d25708ee9165"
"reports/T05_fine_timing/ip_probe_aux/ooc_125_run01/generated_ip/t05_mult_quality_u46x36_full82/t05_mult_quality_u46x36_full82.xci","1e0a89cf9bbe05cc29a8de9828ac18bfddd77ad83a55d20ac5c21c0c593310a0"
"reports/T05_fine_timing/ip_probe_aux/ooc_125_run01/generated_ip/t05_mult_s18x18_full36/t05_mult_s18x18_full36.dcp","bbe452365cba203a837b07b6681f741f49ccfc4b80dcf0d2f95835da58aa68d8"
"reports/T05_fine_timing/ip_probe_aux/ooc_125_run01/generated_ip/t05_mult_s18x18_full36/t05_mult_s18x18_full36.xci","81e9fe8d6ef1b82636a67aae95224d796cc23fda7281e8864bf6d01323cbf5d4"
"reports/T05_fine_timing/ip_probe_aux/ooc_125_run01/generated_ip/t05_mult_s48x48_full96/t05_mult_s48x48_full96.dcp","3a6f10135faf20f0e9ac372fc64187d4e98224c4ad984bc5897ead1d53929c47"
"reports/T05_fine_timing/ip_probe_aux/ooc_125_run01/generated_ip/t05_mult_s48x48_full96/t05_mult_s48x48_full96.xci","1846f79abdf824686191ae2cecb90197c5ae44f190a357e75f6d336598fd6939"
"artifacts/T05_fine_timing/t05_ps1_reference_16lane.mem","4a9c9a60a99497c7f4b50f952fb6433334152521865cdf953d7f2ea7b3486bef"
"scripts/t05/synth_t05_fine_timing_ooc.tcl","3a08cd6f9aa5f9d20065de07124b249a54fab91f8fe99db09f85c3b2dff2a61b"
"scripts/t05/run_t05_ooc.ps1","d6535d11420eb2a582dd24fed0df803d55d89ae1335dd134f8a35e970496d15b"
"reports/T04_coarse_to_cfo/full_top_ooc/run03/ooc_gate.json","9f511c28a0c77bceeaca73983b17ad0a28e895fab215b3cefea1f62684533207"
