fileset,path,bytes,sha256
sources_1,rtl/common/bistatic_stream_pkg.sv,2233,7c2551aa0d2827fd04515a9e782b6c015a4d26ac050303823f0c69cda49dda83
sources_1,rtl/carrier/cfo_coarse_estimator.sv,9144,f2db928e6f670eabf525d3be2ac3a22e66e182d486970699e8962f14fa5e54a3
sources_1,rtl/carrier/cfo_phase_increment.sv,3500,dc39d9ef1cdd9d8033ff22af01c890ba0c8531229acaff4ee5518dda0ae9fcfc
sources_1,rtl/carrier/cfo_preamble_rotator.sv,9868,da34420ea55fdd60b568f45359c4ce980ac7d0af17fdbe227de9de118ffb2770
sources_1,rtl/timing/coarse_corr_energy_4lane.sv,8357,8ee340c535a58e01b4d61bb510a91319e0f578c054ee9dce6c3eba9ffe500c8f
sources_1,rtl/buffering/coarse_lag1024_beat_ring.sv,10343,b472db0001918a49488c14511d938adae1a2fe8ba1140c343a9d4d42e6aeb835
sources_1,rtl/timing/coarse_metric_threshold.sv,6892,4595ec22de9ba1a11b37eb872d41d85f90b6d29a9fafb6523dac3f09fe24ab26
sources_1,rtl/timing/coarse_plateau_selector.sv,5960,7a0f4ad291d4b4a85373474b8912e852d0be4b9a2d3a561cf54dd1e277a56727
sources_1,rtl/buffering/coarse_result_pair_fifo.sv,2842,f679891897dab6b5130b8ceae063a9eb088629251dbaee135c6acca5ff4bc0b7
sources_1,rtl/timing/coarse_rolling_sc_accumulator.sv,7151,c583fb84fae2f295f5381dee6ebd415043c2963680332cbf948c45328f40726d
sources_1,rtl/timing/coarse_safe_phase_replay.sv,5653,c4b6d2bada6ec0d73dc9d82f4a87c8d532a744c7cc69c3d3dd0a14cb954f3b51
sources_1,rtl/timing/fine_corr_accumulator.sv,8439,36aacca624c16767357f1ec991df416e075c2611ce2ddc831c35f7ac9c906313
sources_1,rtl/timing/fine_corr_cmpy_array.sv,5027,d295ba55dfb1b89a7e10d3de42b9a36b79588666c24519f18b64aa7e4620eef4
sources_1,rtl/timing/fine_corr_metric_controller.sv,2904,0181123126e3b0ccecc2bb662015a4174a6230403024c7429f06027dfdd0768c
sources_1,rtl/timing/fine_corr_scheduler.sv,2084,f5addc8719d8d22994179dba1c449d5a718eacf46b1de417774dbedf31fd1c0b
sources_1,rtl/buffering/fine_corrected_local_buffer.sv,8492,cc9ed5336b381e37d3d96cdf736ee204893c87a78991da929e9e496029afa7ce
sources_1,rtl/buffering/fine_energy_prefix_buffer.sv,9811,d6fd2ebd9298cb4adc54cf755b40116b9195a25ec2c75e4ef56a393aeafcb816
sources_1,rtl/buffering/fine_local_capture_buffer.sv,5955,3004161b3e3aaed6a57d0ca431df30953abf94a58cdd88642eb996a65d5735dc
sources_1,rtl/timing/fine_local_window_reader.sv,5163,89e7e0e9e122602ddffef1c3d9b4f1c4b587463858c6895e0fa5ebec2aaf9599
sources_1,rtl/timing/fine_partitioned_corr_engine.sv,12023,12986b28f06a1b4b411e7cea3c1d48108c249991fcf550a28e7417a0871b48e3
sources_1,rtl/timing/fine_peak_selector.sv,8248,5654d28be6a68e90c2375ef9f0ef27d085d33da09e8cc04fdad1bdea745939e2
sources_1,rtl/timing/fine_ps1_reference_rom.sv,2893,25530e535774a8ebadf89e974dc8097bdb3c74b5456491c250a4cbe64ab5cd72
sources_1,rtl/timing/fine_quality_controller.sv,10676,1c03668b31b1638b461e29c2c0682e8fb028b8d73cdcd9c4d0053cb2bccf3f0b
sources_1,rtl/timing/fine_quality_vendor_adapters.sv,4229,c56615520c2e8a1cf723b1c31791ab40e34d1fd5be88a5c1f53fcfaee5871c93
sources_1,rtl/timing/fine_vendor_multiplier_adapters.sv,2450,50b043e5f0521330024f8ed15280a34e5c5d6d29fbcb742db42f704c1f425140
sources_1,rtl/buffering/sync_beat_ram.sv,1884,ae71385d660e4b8cfa4cb3abb01bf7efe539d9d416ed029363463266da66e787
sources_1,rtl/frontend/sync_coarse_pair_join.sv,4677,d6871d0139bb4e044dd49562926c8b3ce8f9d7a847f4a49e710a0dc9a8c35f76
sources_1,rtl/frontend/sync_continuous_detector.sv,4933,339603cd9b1d94a13f4c11e35e4c1ddce1cbc003a2d7522ef6c4b1b2bab14a34
sources_1,rtl/timing/sync_rolling_metric.sv,3933,99a7859aa018511b3696eba479956929906f288f07110bdb1d2397df8e9ecd6d
sources_1,rtl/timing/to_coarse_estimator.sv,21619,6fa5bcd7abd3bbef6480e6300c2591b7b0d0ef61a6450f4d8a9b903ef7d0a024
sources_1,rtl/timing/to_fine_core.sv,29535,e9c1ac3dcf53ccda0c5950d99cf56b8a8b5f580c64a6bc7cecf0731295aea624
sources_1,rtl/timing/to_fine_estimator.sv,4581,458f779944756d855068149c531376e065bb8c3b49541246c38ae3a5d8336324
sources_1,rtl/frontend/sync_frontend_top.sv,13987,a2fa205eecac5dde1520779a11e83578359b3d97a32199f3f4d29ac00ad17e8e
sources_1,rtl/timing/to_coarse_ports.sv,2119,dfdbae1a81ab90911e344ab67a3828f439a7f7d1e93b672f38ca3564e738941d
sources_1,ip/rom/fine_ps1_reference_16lane.mem,16512,4a9c9a60a99497c7f4b50f952fb6433334152521865cdf953d7f2ea7b3486bef
constrs_1,constraints/clk125.xdc,136,b1d0bb0aa2c25bf1a731f5ad6ad8babf89a36928e5985478559b886360961897
constrs_1,constraints/standalone_io_budget.xdc,619,aa6b8e3303178992614862795ef46b6d079d2141d378d97838d0938abe35f916
sim_1,sim/tb/coarse_baseline_equivalence_tb.sv,19040,52dbf3bcdce5d76b9ae0c35146b59c9ad5ff704a0f6644e52a75878c5888ff61
sim_autonomous,sim/tb/sync_passive_checker.sv,5033,b8cccea71a46cc0c626b5ef9f9394eba3eff66d2b4c421fd6e81176b6e0aefca
sim_autonomous,sim/tb/sync_frontend_tb.sv,4418,66fd1fb27e5978086adc227b4b24839b4f5e62ce3174febb1e1edd918aa01cfd
t04_cmpy_17x16,vivado/Sync_Frontend/Sync_Frontend.srcs/sources_1/ip/t04_cmpy_17x16/t04_cmpy_17x16.xci,47616,1e343acff3390c67984782640524d1ee574378972170373cf405d2e0216b3a2a
t04_cordic_translate_48,vivado/Sync_Frontend/Sync_Frontend.srcs/sources_1/ip/t04_cordic_translate_48/t04_cordic_translate_48.xci,40048,a43a89b4266f7d199d34815d595432c677cbb243d99248c138db22b86bb556e0
t04_div_u63_u47,vivado/Sync_Frontend/Sync_Frontend.srcs/sources_1/ip/t04_div_u63_u47/t04_div_u63_u47.xci,45798,9939c375f82061cb065e19ef706c8b3d95d03f3e6cc9edeb49a25445b76a04ba
t04_phase_scale_s48_x_1953125,vivado/Sync_Frontend/Sync_Frontend.srcs/sources_1/ip/t04_phase_scale_s48_x_1953125/t04_phase_scale_s48_x_1953125.xci,20047,99b19121d001c70d838f67d3a8ec2b3316a77e023506bed2d89c777f37d5417e
t04_square_s43,vivado/Sync_Frontend/Sync_Frontend.srcs/sources_1/ip/t04_square_s43/t04_square_s43.xci,20276,e40f8b8204625f40f4cc62b24694126ff267c601e3d0d0a18dada7b66171b182
t04_square_u42,vivado/Sync_Frontend/Sync_Frontend.srcs/sources_1/ip/t04_square_u42/t04_square_u42.xci,20280,052042d45c6f52b82fdd268cd46d2fd82b7c24e0519f4109bf61758a2bf9ba8d
t05_cmpy_corr_18x16,vivado/Sync_Frontend/Sync_Frontend.srcs/sources_1/ip/t05_cmpy_corr_18x16/t05_cmpy_corr_18x16.xci,47631,7f88a590618a75e58d4d63f842d3941dc2878dafc30cd522b4b5bc36f9a73560
t05_cmpy_rotate_18x18,vivado/Sync_Frontend/Sync_Frontend.srcs/sources_1/ip/t05_cmpy_rotate_18x18/t05_cmpy_rotate_18x18.xci,47637,829b46ec9b043d6f5801c15f35cdeb8019cf0856d827f1904a8325141efc21e0
t05_cordic_rotate16_parallel,vivado/Sync_Frontend/Sync_Frontend.srcs/sources_1/ip/t05_cordic_rotate16_parallel/t05_cordic_rotate16_parallel.xci,46390,5d3a03483e52487670fc2f431200745849e4b93ae7f02b7b33946f9221955e56
t05_dds_pinc32_sincos18,vivado/Sync_Frontend/Sync_Frontend.srcs/sources_1/ip/t05_dds_pinc32_sincos18/t05_dds_pinc32_sincos18.xci,66366,0d7665bac06f9b4770c9eb49852b62a888bf761f5c05c029a39f365b6b8d3968
t05_div_quality_s64_s64_f15,vivado/Sync_Frontend/Sync_Frontend.srcs/sources_1/ip/t05_div_quality_s64_s64_f15/t05_div_quality_s64_s64_f15.xci,45398,f35fd18036d7a5be772402000ac3d16f4fb7950926815e50a7b3a757cb6ff01e
t05_mult_cfo_s19_const40_full59,vivado/Sync_Frontend/Sync_Frontend.srcs/sources_1/ip/t05_mult_cfo_s19_const40_full59/t05_mult_cfo_s19_const40_full59.xci,20327,dc522a08d847050b4ac1411ef10586abd8c15c06f947c7e46c19ad45d34a28ee
t05_mult_quality_u46x36_full82,vivado/Sync_Frontend/Sync_Frontend.srcs/sources_1/ip/t05_mult_quality_u46x36_full82/t05_mult_quality_u46x36_full82.xci,20328,5284b626745eb7a4856c7a2d53c93a620f38700cfba51b9c3b1cb749ae4cd266
t05_mult_s18x18_full36,vivado/Sync_Frontend/Sync_Frontend.srcs/sources_1/ip/t05_mult_s18x18_full36/t05_mult_s18x18_full36.xci,20185,3e7f32c19a04faaf59b09c62952381fb81c6182b37c32e8aa76640683dfbe1b0
t05_mult_s48x48_full96,vivado/Sync_Frontend/Sync_Frontend.srcs/sources_1/ip/t05_mult_s48x48_full96/t05_mult_s48x48_full96.xci,20300,432d91c6cdaac407940caf12ec1a31baa0700ae59b7aa64cf93823003d7d8565
