"path","bytes","sha256"
"rtl/buffering/coarse_lag1024_beat_ring.sv","10343","b472db0001918a49488c14511d938adae1a2fe8ba1140c343a9d4d42e6aeb835"
"rtl/buffering/coarse_result_pair_fifo.sv","2842","f679891897dab6b5130b8ceae063a9eb088629251dbaee135c6acca5ff4bc0b7"
"rtl/buffering/fine_corrected_local_buffer.sv","8492","cc9ed5336b381e37d3d96cdf736ee204893c87a78991da929e9e496029afa7ce"
"rtl/buffering/fine_energy_prefix_buffer.sv","9811","d6fd2ebd9298cb4adc54cf755b40116b9195a25ec2c75e4ef56a393aeafcb816"
"rtl/buffering/fine_local_capture_buffer.sv","5955","3004161b3e3aaed6a57d0ca431df30953abf94a58cdd88642eb996a65d5735dc"
"rtl/buffering/sync_beat_ram.sv","1884","ae71385d660e4b8cfa4cb3abb01bf7efe539d9d416ed029363463266da66e787"
"rtl/carrier/cfo_coarse_estimator.sv","9144","f2db928e6f670eabf525d3be2ac3a22e66e182d486970699e8962f14fa5e54a3"
"rtl/carrier/cfo_phase_increment.sv","3500","dc39d9ef1cdd9d8033ff22af01c890ba0c8531229acaff4ee5518dda0ae9fcfc"
"rtl/carrier/cfo_preamble_rotator.sv","9868","da34420ea55fdd60b568f45359c4ce980ac7d0af17fdbe227de9de118ffb2770"
"rtl/common/bistatic_stream_pkg.sv","2233","7c2551aa0d2827fd04515a9e782b6c015a4d26ac050303823f0c69cda49dda83"
"rtl/frontend/sync_coarse_pair_join.sv","4677","d6871d0139bb4e044dd49562926c8b3ce8f9d7a847f4a49e710a0dc9a8c35f76"
"rtl/frontend/sync_continuous_detector.sv","4933","339603cd9b1d94a13f4c11e35e4c1ddce1cbc003a2d7522ef6c4b1b2bab14a34"
"rtl/frontend/sync_frontend_top.sv","13987","a2fa205eecac5dde1520779a11e83578359b3d97a32199f3f4d29ac00ad17e8e"
"rtl/timing/coarse_corr_energy_4lane.sv","8357","8ee340c535a58e01b4d61bb510a91319e0f578c054ee9dce6c3eba9ffe500c8f"
"rtl/timing/coarse_metric_threshold.sv","6892","4595ec22de9ba1a11b37eb872d41d85f90b6d29a9fafb6523dac3f09fe24ab26"
"rtl/timing/coarse_plateau_selector.sv","5960","7a0f4ad291d4b4a85373474b8912e852d0be4b9a2d3a561cf54dd1e277a56727"
"rtl/timing/coarse_rolling_sc_accumulator.sv","7151","c583fb84fae2f295f5381dee6ebd415043c2963680332cbf948c45328f40726d"
"rtl/timing/coarse_safe_phase_replay.sv","5653","c4b6d2bada6ec0d73dc9d82f4a87c8d532a744c7cc69c3d3dd0a14cb954f3b51"
"rtl/timing/fine_corr_accumulator.sv","8439","36aacca624c16767357f1ec991df416e075c2611ce2ddc831c35f7ac9c906313"
"rtl/timing/fine_corr_cmpy_array.sv","5027","d295ba55dfb1b89a7e10d3de42b9a36b79588666c24519f18b64aa7e4620eef4"
"rtl/timing/fine_corr_metric_controller.sv","2904","0181123126e3b0ccecc2bb662015a4174a6230403024c7429f06027dfdd0768c"
"rtl/timing/fine_corr_scheduler.sv","2084","f5addc8719d8d22994179dba1c449d5a718eacf46b1de417774dbedf31fd1c0b"
"rtl/timing/fine_local_window_reader.sv","5163","89e7e0e9e122602ddffef1c3d9b4f1c4b587463858c6895e0fa5ebec2aaf9599"
"rtl/timing/fine_partitioned_corr_engine.sv","12023","12986b28f06a1b4b411e7cea3c1d48108c249991fcf550a28e7417a0871b48e3"
"rtl/timing/fine_peak_selector.sv","8248","5654d28be6a68e90c2375ef9f0ef27d085d33da09e8cc04fdad1bdea745939e2"
"rtl/timing/fine_ps1_reference_rom.sv","2893","25530e535774a8ebadf89e974dc8097bdb3c74b5456491c250a4cbe64ab5cd72"
"rtl/timing/fine_quality_controller.sv","10676","1c03668b31b1638b461e29c2c0682e8fb028b8d73cdcd9c4d0053cb2bccf3f0b"
"rtl/timing/fine_quality_vendor_adapters.sv","4229","c56615520c2e8a1cf723b1c31791ab40e34d1fd5be88a5c1f53fcfaee5871c93"
"rtl/timing/fine_vendor_multiplier_adapters.sv","2450","50b043e5f0521330024f8ed15280a34e5c5d6d29fbcb742db42f704c1f425140"
"rtl/timing/sync_rolling_metric.sv","3933","99a7859aa018511b3696eba479956929906f288f07110bdb1d2397df8e9ecd6d"
"rtl/timing/to_coarse_estimator.sv","21619","6fa5bcd7abd3bbef6480e6300c2591b7b0d0ef61a6450f4d8a9b903ef7d0a024"
"rtl/timing/to_coarse_ports.sv","2119","dfdbae1a81ab90911e344ab67a3828f439a7f7d1e93b672f38ca3564e738941d"
"rtl/timing/to_fine_core.sv","29535","e9c1ac3dcf53ccda0c5950d99cf56b8a8b5f580c64a6bc7cecf0731295aea624"
"rtl/timing/to_fine_estimator.sv","4581","458f779944756d855068149c531376e065bb8c3b49541246c38ae3a5d8336324"
"clip/ports.json","5770","76edd52bb5a6aa7980d44f937d916b63e2a295f2fadce8920bebb41871ba9760"
"clip/sync_frontend_clip.vhd","4966","e481ad71c250de6bad26d359dd1b8cea9953e8e3843c60b825798774d5575c9d"
"clip/sync_frontend_clip.xdc","868","78c7836be9d77ac54a9a2224e2cb7956308cdaec881821e80d2757eb87a06954"
"clip/sync_frontend_clip.xml","18941","64d025a0d59d05a65bebd9b3ffa04d3b6e6a1b9442354e8c3c8e7e2923a225b5"
"constraints/clk125.xdc","136","b1d0bb0aa2c25bf1a731f5ad6ad8babf89a36928e5985478559b886360961897"
"constraints/standalone_io_budget.xdc","619","aa6b8e3303178992614862795ef46b6d079d2141d378d97838d0938abe35f916"
"ip/rom/fine_ps1_reference_16lane.mem","16512","4a9c9a60a99497c7f4b50f952fb6433334152521865cdf953d7f2ea7b3486bef"
"ip/t04_cmpy_17x16/t04_cmpy_17x16.xci","47449","fd469868787320d0f12813917e20436bd2ab7a1ff564a138438304096b6daa8a"
"ip/t04_cordic_translate_48/t04_cordic_translate_48.xci","39986","3f2bf14c05015578856e3189ca919689faa94926f2f10477f2334a701897df58"
"ip/t04_div_u63_u47/t04_div_u63_u47.xci","45521","295a28b45a7a029fb19ef3fa0c28205f952a1d8fbbe670e365f3e5fe9961c4fb"
"ip/t04_phase_scale_s48_x_1953125/t04_phase_scale_s48_x_1953125.xci","19864","1c753aadf3a74d4602afc01a45d8070e080dc1545fe3a96d4a5815e66d7e9340"
"ip/t04_square_s43/t04_square_s43.xci","20108","41efcc599c652804205a798ebf3775f473c1284fef4118c99d9880be63d73a06"
"ip/t04_square_u42/t04_square_u42.xci","20112","5ad8967963fdec64d02e4a6263693e14529f7bf3483e360920ef5d5a4511f721"
"ip/t05_cmpy_corr_18x16/t05_cmpy_corr_18x16.xci","47459","c56151d33825942053b2fdeaa8b47b96c393d6e7c43ad25f65f4f4de542cb7c7"
"ip/t05_cmpy_rotate_18x18/t05_cmpy_rotate_18x18.xci","47463","0469988a6ecc103134c228e53a1abf3ceba93872b1ef508f567322e6e0edb067"
"ip/t05_cordic_rotate16_parallel/t05_cordic_rotate16_parallel.xci","46323","9085b94745116a89f13e81122d9eb3688879f01c9fa269e6f8eadc6c9549e464"
"ip/t05_dds_pinc32_sincos18/t05_dds_pinc32_sincos18.xci","65975","47ffc3ef7af5c3c904bc2ba6b6b1d6d8710f40fadaea6c68fa1eaf1b2a0e6382"
"ip/t05_div_quality_s64_s64_f15/t05_div_quality_s64_s64_f15.xci","45225","e395f1c9408d6691b3c26c953ffdb575c55b93f4b3d46a0b3613c511c1c502dc"
"ip/t05_mult_cfo_s19_const40_full59/t05_mult_cfo_s19_const40_full59.xci","20142","2883ca9103a68aaadced04b5baf9711c821c0a36c95751f10a05d7c0d52032c9"
"ip/t05_mult_quality_u46x36_full82/t05_mult_quality_u46x36_full82.xci","20144","1e0a89cf9bbe05cc29a8de9828ac18bfddd77ad83a55d20ac5c21c0c593310a0"
"ip/t05_mult_s18x18_full36/t05_mult_s18x18_full36.xci","20124","81e9fe8d6ef1b82636a67aae95224d796cc23fda7281e8864bf6d01323cbf5d4"
"ip/t05_mult_s48x48_full96/t05_mult_s48x48_full96.xci","20124","1846f79abdf824686191ae2cecb90197c5ae44f190a357e75f6d336598fd6939"
"vivado/Sync_Frontend/Sync_Frontend.srcs/sources_1/ip/t04_cmpy_17x16/t04_cmpy_17x16.xci","47616","1e343acff3390c67984782640524d1ee574378972170373cf405d2e0216b3a2a"
"vivado/Sync_Frontend/Sync_Frontend.srcs/sources_1/ip/t04_cordic_translate_48/t04_cordic_translate_48.xci","40048","a43a89b4266f7d199d34815d595432c677cbb243d99248c138db22b86bb556e0"
"vivado/Sync_Frontend/Sync_Frontend.srcs/sources_1/ip/t04_div_u63_u47/t04_div_u63_u47.xci","45798","9939c375f82061cb065e19ef706c8b3d95d03f3e6cc9edeb49a25445b76a04ba"
"vivado/Sync_Frontend/Sync_Frontend.srcs/sources_1/ip/t04_phase_scale_s48_x_1953125/t04_phase_scale_s48_x_1953125.xci","20047","99b19121d001c70d838f67d3a8ec2b3316a77e023506bed2d89c777f37d5417e"
"vivado/Sync_Frontend/Sync_Frontend.srcs/sources_1/ip/t04_square_s43/t04_square_s43.xci","20276","e40f8b8204625f40f4cc62b24694126ff267c601e3d0d0a18dada7b66171b182"
"vivado/Sync_Frontend/Sync_Frontend.srcs/sources_1/ip/t04_square_u42/t04_square_u42.xci","20280","052042d45c6f52b82fdd268cd46d2fd82b7c24e0519f4109bf61758a2bf9ba8d"
"vivado/Sync_Frontend/Sync_Frontend.srcs/sources_1/ip/t05_cmpy_corr_18x16/t05_cmpy_corr_18x16.xci","47631","7f88a590618a75e58d4d63f842d3941dc2878dafc30cd522b4b5bc36f9a73560"
"vivado/Sync_Frontend/Sync_Frontend.srcs/sources_1/ip/t05_cmpy_rotate_18x18/t05_cmpy_rotate_18x18.xci","47637","829b46ec9b043d6f5801c15f35cdeb8019cf0856d827f1904a8325141efc21e0"
"vivado/Sync_Frontend/Sync_Frontend.srcs/sources_1/ip/t05_cordic_rotate16_parallel/t05_cordic_rotate16_parallel.xci","46390","5d3a03483e52487670fc2f431200745849e4b93ae7f02b7b33946f9221955e56"
"vivado/Sync_Frontend/Sync_Frontend.srcs/sources_1/ip/t05_dds_pinc32_sincos18/t05_dds_pinc32_sincos18.xci","66366","0d7665bac06f9b4770c9eb49852b62a888bf761f5c05c029a39f365b6b8d3968"
"vivado/Sync_Frontend/Sync_Frontend.srcs/sources_1/ip/t05_div_quality_s64_s64_f15/t05_div_quality_s64_s64_f15.xci","45398","f35fd18036d7a5be772402000ac3d16f4fb7950926815e50a7b3a757cb6ff01e"
"vivado/Sync_Frontend/Sync_Frontend.srcs/sources_1/ip/t05_mult_cfo_s19_const40_full59/t05_mult_cfo_s19_const40_full59.xci","20327","dc522a08d847050b4ac1411ef10586abd8c15c06f947c7e46c19ad45d34a28ee"
"vivado/Sync_Frontend/Sync_Frontend.srcs/sources_1/ip/t05_mult_quality_u46x36_full82/t05_mult_quality_u46x36_full82.xci","20328","5284b626745eb7a4856c7a2d53c93a620f38700cfba51b9c3b1cb749ae4cd266"
"vivado/Sync_Frontend/Sync_Frontend.srcs/sources_1/ip/t05_mult_s18x18_full36/t05_mult_s18x18_full36.xci","20185","3e7f32c19a04faaf59b09c62952381fb81c6182b37c32e8aa76640683dfbe1b0"
"vivado/Sync_Frontend/Sync_Frontend.srcs/sources_1/ip/t05_mult_s48x48_full96/t05_mult_s48x48_full96.xci","20300","432d91c6cdaac407940caf12ec1a31baa0700ae59b7aa64cf93823003d7d8565"
"tools/run_physical.tcl","7166","7a08e849c28a0af9ba53376b582d71627247f35424d1d32ca806fa714006af84"
"tools/check_clip_export.tcl","3161","582fc1143aeaa5c466725155c84172ab5b4ae759de659d8dd4678145a1930cdf"
"tools/run_threads.tcl","284","db46a97d6a37ba1405c20d08047d96a606e6564b985b6d4963746645aa9004d7"
"tools/physical_run_pre.tcl","436","a4ca0067b694a6bbcaf382388ce6d822d8ca2df292223dd1440fd6b39c916c64"
"tools/sf003_rtl_sources.txt","1314","479beb179d623a07dfbd8a613cc4c1e23e5e1be137516eedd7e601f0bf71491f"
"tools/generate_clip_wrapper.py","7106","b1eac06b87532548a19b609b3aee278d41d069ec70d33229b75234be5a86a1c3"
"docs/SF003_EXECUTION_ZH.md","5340","80ce31c30fa7aa4e4544bb66b54388a5f96c84fcd175294d9b8b15b92fac2fbd"
