caseId,acceptanceRole,channelName,candidateId,algorithmCandidateId,selectedScaleId,generationId,integerPerUnit,clipComponentCount,valid,ambiguity,effectiveAcquisitionValid,errorCode,coarseStart,cfoEstimate,qualityCodeQ1_15,rawValid,rawAmbiguity,rawErrorCode,rawCoarseStart,rawCfoEstimate,rawQualityCodeQ1_15,phaseCodeQ1_47,phaseCodeQ3_45,magnitudeCodeQ1_47,safePointCount,safePRe,safePIm,safeEnergy
pairwise_01,deterministic,single_path,rx_scale_tx_div2,sc_m003_run04_safe_interior_sum_midpoint_minus_half_cp,rx_scale_tx_div2,origsc-3588599b-5a087681-17f975e9-cpowner91,263403.201938273,0,1,0,1,0,0,-150022,31955,1,0,0,0,-150022,31955,-86482037188460,-21620509297115,460566742073,17,-162110742816,-431093761225,472284422355
pairwise_02,deterministic,single_path,rx_scale_tx_div2,sc_m003_run04_safe_interior_sum_midpoint_minus_half_cp,rx_scale_tx_div2,origsc-3588599b-5a087681-17f975e9-cpowner91,263403.201938273,0,1,0,1,0,0,0,32768,1,0,0,0,0,32768,0,0,472253054837,17,472253054837,0,472253054837
pairwise_03,deterministic,single_path,rx_scale_tx_div2,sc_m003_run04_safe_interior_sum_midpoint_minus_half_cp,rx_scale_tx_div2,origsc-3588599b-5a087681-17f975e9-cpowner91,263403.201938273,0,1,0,1,0,0,149978,31955,1,0,0,0,149978,31955,86456464546644,21614116136661,460565278378,17,-161864115721,431184860227,472273141490
pairwise_04,deterministic,single_path,rx_scale_tx_div2,sc_m003_run04_safe_interior_sum_midpoint_minus_half_cp,rx_scale_tx_div2,origsc-3588599b-5a087681-17f975e9-cpowner91,263403.201938273,0,1,0,1,0,0,-150000,32767,1,0,0,0,-150000,32767,-86468947961796,-21617236990449,472255142238,17,-166095675897,-442082736395,472256744426
pairwise_05,deterministic,single_path,rx_scale_tx_div2,sc_m003_run04_safe_interior_sum_midpoint_minus_half_cp,rx_scale_tx_div2,origsc-3588599b-5a087681-17f975e9-cpowner91,263403.201938273,0,1,0,1,0,0,0,31956,1,0,0,0,0,31956,-26044932,-6511233,460542181164,17,460542181164,-267752,472239420437
pairwise_06,deterministic,single_path,rx_scale_tx_div2,sc_m003_run04_safe_interior_sum_midpoint_minus_half_cp,rx_scale_tx_div2,origsc-3588599b-5a087681-17f975e9-cpowner91,263403.201938273,0,1,0,1,0,0,150022,31955,1,0,0,0,150022,31955,86481741190324,21620435297581,460523336255,17,-162092616659,431054204086,472239784406
pairwise_07,deterministic,single_path,rx_scale_tx_div2,sc_m003_run04_safe_interior_sum_midpoint_minus_half_cp,rx_scale_tx_div2,origsc-3588599b-5a087681-17f975e9-cpowner91,263403.201938273,0,1,0,1,0,0,-149978,31956,1,0,0,0,-149978,31956,-86456144490348,-21614036122587,460565050829,17,-161860955185,-431185803606,472267629375
pairwise_08,deterministic,single_path,rx_scale_tx_div2,sc_m003_run04_safe_interior_sum_midpoint_minus_half_cp,rx_scale_tx_div2,origsc-3588599b-5a087681-17f975e9-cpowner91,263403.201938273,0,1,0,1,0,0,0,31954,1,0,0,0,0,31954,-261432488,-65358122,460541101916,17,460541101908,-2687621,472259573644
pairwise_09,deterministic,single_path,rx_scale_tx_div2,sc_m003_run04_safe_interior_sum_midpoint_minus_half_cp,rx_scale_tx_div2,origsc-3588599b-5a087681-17f975e9-cpowner91,263403.201938273,0,1,0,1,0,0,150000,32768,1,0,0,0,150000,32768,86469073228224,21617268307056,472253542302,17,-166096349353,442080774235,472252309398
sign_corner_01,deterministic,single_path,rx_scale_tx_div2,sc_m003_run04_safe_interior_sum_midpoint_minus_half_cp,rx_scale_tx_div2,origsc-3588599b-5a087681-17f975e9-cpowner91,263403.201938273,0,1,0,1,0,0,-150022,31955,1,0,0,0,-150022,31955,-86482037188460,-21620509297115,460566742073,17,-162110742816,-431093761225,472284422355
sign_corner_02,deterministic,single_path,rx_scale_tx_div2,sc_m003_run04_safe_interior_sum_midpoint_minus_half_cp,rx_scale_tx_div2,origsc-3588599b-5a087681-17f975e9-cpowner91,263403.201938273,0,1,0,1,0,0,-149977,31955,1,0,0,0,-149977,31955,-86455903276908,-21613975819227,460567188200,17,-161859384630,-431188676166,472274103839
sign_corner_03,deterministic,single_path,rx_scale_tx_div2,sc_m003_run04_safe_interior_sum_midpoint_minus_half_cp,rx_scale_tx_div2,origsc-3588599b-5a087681-17f975e9-cpowner91,263403.201938273,0,1,0,1,0,0,150023,31954,1,0,0,0,150023,31954,86482405361832,21620601340458,460566241651,17,-162114109611,431091960507,472284197153
sign_corner_04,deterministic,single_path,rx_scale_tx_div2,sc_m003_run04_safe_interior_sum_midpoint_minus_half_cp,rx_scale_tx_div2,origsc-3588599b-5a087681-17f975e9-cpowner91,263403.201938273,0,1,0,1,0,0,149978,31955,1,0,0,0,149978,31955,86456464546644,21614116136661,460565278378,17,-161864115721,431184860227,472273141490
sign_corner_05,deterministic,single_path,rx_scale_tx_div2,sc_m003_run04_safe_interior_sum_midpoint_minus_half_cp,rx_scale_tx_div2,origsc-3588599b-5a087681-17f975e9-cpowner91,263403.201938273,0,1,0,1,0,0,-150023,31954,1,0,0,0,-150023,31954,-86482194407112,-21620548601778,460541466599,17,-162103359165,-431069534303,472261789025
sign_corner_06,deterministic,single_path,rx_scale_tx_div2,sc_m003_run04_safe_interior_sum_midpoint_minus_half_cp,rx_scale_tx_div2,origsc-3588599b-5a087681-17f975e9-cpowner91,263403.201938273,0,1,0,1,0,0,-149978,31956,1,0,0,0,-149978,31956,-86456144490348,-21614036122587,460565050829,17,-161860955185,-431185803606,472267629375
sign_corner_07,deterministic,single_path,rx_scale_tx_div2,sc_m003_run04_safe_interior_sum_midpoint_minus_half_cp,rx_scale_tx_div2,origsc-3588599b-5a087681-17f975e9-cpowner91,263403.201938273,0,1,0,1,0,0,150022,31954,1,0,0,0,150022,31954,86481825456652,21620456364163,460540254331,17,-162099382248,431069734653,472261968914
sign_corner_08,deterministic,single_path,rx_scale_tx_div2,sc_m003_run04_safe_interior_sum_midpoint_minus_half_cp,rx_scale_tx_div2,origsc-3588599b-5a087681-17f975e9-cpowner91,263403.201938273,0,1,0,1,0,0,149977,31956,1,0,0,0,149977,31956,86456100846652,21614025211663,460567898225,17,-161861535797,431188627059,472269747582
lane_boundary_mod4_0,deterministic,single_path,rx_scale_tx_div2,sc_m003_run04_safe_interior_sum_midpoint_minus_half_cp,rx_scale_tx_div2,origsc-3588599b-5a087681-17f975e9-cpowner91,263403.201938273,0,1,0,1,0,0,-75000,32767,1,0,0,0,-75000,32767,-43234695664116,-10808673916029,472253234809,17,268869994738,-388242248753,472253277991
lane_boundary_mod4_1,deterministic,single_path,rx_scale_tx_div2,sc_m003_run04_safe_interior_sum_midpoint_minus_half_cp,rx_scale_tx_div2,origsc-3588599b-5a087681-17f975e9-cpowner91,263403.201938273,0,1,0,1,0,0,-25000,32768,1,0,0,0,-25000,32768,-14411538116144,-3602884529036,472253645158,17,448026766672,-149316850056,472253276193
lane_boundary_mod4_2,deterministic,single_path,rx_scale_tx_div2,sc_m003_run04_safe_interior_sum_midpoint_minus_half_cp,rx_scale_tx_div2,origsc-3588599b-5a087681-17f975e9-cpowner91,263403.201938273,0,1,0,1,0,0,25000,32768,1,0,0,0,25000,32768,14411381715620,3602845428905,472252794248,17,448026480710,149315016854,472250520660
lane_boundary_mod4_3,deterministic,single_path,rx_scale_tx_div2,sc_m003_run04_safe_interior_sum_midpoint_minus_half_cp,rx_scale_tx_div2,origsc-3588599b-5a087681-17f975e9-cpowner91,263403.201938273,0,1,0,1,0,0,75000,32767,1,0,0,0,75000,32767,43234551759056,10808637939764,472253702700,17,268871508275,388241769715,472254280993
to_positive_components,deterministic,single_path,rx_scale_tx_div2,sc_m003_run04_safe_interior_sum_midpoint_minus_half_cp,rx_scale_tx_div2,origsc-3588599b-5a087681-17f975e9-cpowner91,263403.201938273,0,1,0,1,0,0,0,32768,1,0,0,0,0,32768,0,0,472253054837,17,472253054837,0,472253054837
to_negative_components,deterministic,single_path,rx_scale_tx_div2,sc_m003_run04_safe_interior_sum_midpoint_minus_half_cp,rx_scale_tx_div2,origsc-3588599b-5a087681-17f975e9-cpowner91,263403.201938273,0,1,0,1,0,0,0,32768,1,0,0,0,0,32768,0,0,472253054837,17,472253054837,0,472253054837
fo_positive_components,deterministic,single_path,rx_scale_tx_div2,sc_m003_run04_safe_interior_sum_midpoint_minus_half_cp,rx_scale_tx_div2,origsc-3588599b-5a087681-17f975e9-cpowner91,263403.201938273,0,1,0,1,0,0,150001,32768,1,0,0,0,150001,32768,86469426784440,21617356696110,472253297505,17,-166099752242,442079234198,472251956689
fo_negative_components,deterministic,single_path,rx_scale_tx_div2,sc_m003_run04_safe_interior_sum_midpoint_minus_half_cp,rx_scale_tx_div2,origsc-3588599b-5a087681-17f975e9-cpowner91,263403.201938273,0,1,0,1,0,0,-150000,32767,1,0,0,0,-150000,32767,-86468947961796,-21617236990449,472255142238,17,-166095675897,-442082736395,472256744426
tdld_-05dB_seed_41001,nominal,tdl_d_los_30ns,rx_scale_tx_div2,sc_m003_run04_safe_interior_sum_midpoint_minus_half_cp,rx_scale_tx_div2,origsc-3588599b-5a087681-17f975e9-cpowner91,263403.201938273,0,1,0,1,0,0,103501,8542,1,0,0,0,103501,8542,59663990826300,14915997706575,503018828678,17,119058409714,488725932483,1929486197861
tdld_-05dB_seed_41002,nominal,tdl_d_los_30ns,rx_scale_tx_div2,sc_m003_run04_safe_interior_sum_midpoint_minus_half_cp,rx_scale_tx_div2,origsc-3588599b-5a087681-17f975e9-cpowner91,263403.201938273,0,1,0,1,0,16,88035,9009,1,0,0,16,88035,9009,50748877943652,12687219485913,546079394092,17,231589220174,494539318711,1986041409425
tdld_-05dB_seed_41003,nominal,tdl_d_los_30ns,rx_scale_tx_div2,sc_m003_run04_safe_interior_sum_midpoint_minus_half_cp,rx_scale_tx_div2,origsc-3588599b-5a087681-17f975e9-cpowner91,263403.201938273,0,0,1,0,2,0,0,0,1,1,0,-256,96654,6350,55717486858328,13929371714582,337148851434,17,108309534313,319277924073,1739583000372
tdld_-05dB_seed_41004,nominal,tdl_d_los_30ns,rx_scale_tx_div2,sc_m003_run04_safe_interior_sum_midpoint_minus_half_cp,rx_scale_tx_div2,origsc-3588599b-5a087681-17f975e9-cpowner91,263403.201938273,1,1,0,1,0,0,102495,8336,1,0,0,0,102495,8336,59084546192812,14771136548203,515412375291,17,128458635892,499147568829,2026004631010
tdld_-05dB_seed_41005,nominal,tdl_d_los_30ns,rx_scale_tx_div2,sc_m003_run04_safe_interior_sum_midpoint_minus_half_cp,rx_scale_tx_div2,origsc-3588599b-5a087681-17f975e9-cpowner91,263403.201938273,0,0,1,0,2,0,0,0,1,1,0,-384,109253,6263,62980294620388,15745073655097,338928037069,17,55645521196,334328865464,1773212754544
tdld_-05dB_seed_41006,nominal,tdl_d_los_30ns,rx_scale_tx_div2,sc_m003_run04_safe_interior_sum_midpoint_minus_half_cp,rx_scale_tx_div2,origsc-3588599b-5a087681-17f975e9-cpowner91,263403.201938273,0,1,0,1,0,0,101933,10251,1,0,0,0,101933,10251,58760656546740,14690164136685,598940678432,17,153466525212,578945560411,1914509926372
tdld_-05dB_seed_41007,nominal,tdl_d_los_30ns,rx_scale_tx_div2,sc_m003_run04_safe_interior_sum_midpoint_minus_half_cp,rx_scale_tx_div2,origsc-3588599b-5a087681-17f975e9-cpowner91,263403.201938273,0,1,0,1,0,72,101022,6500,1,0,0,72,101022,6500,58234968792328,14558742198082,363240803320,17,97186844026,349997997915,1831164900149
tdld_-05dB_seed_41008,nominal,tdl_d_los_30ns,rx_scale_tx_div2,sc_m003_run04_safe_interior_sum_midpoint_minus_half_cp,rx_scale_tx_div2,origsc-3588599b-5a087681-17f975e9-cpowner91,263403.201938273,0,1,0,1,0,0,101241,11519,1,0,0,0,101241,11519,58361368552292,14590342138073,723100538860,17,191502424218,697281299633,2056959531546
tdld_-05dB_seed_41009,nominal,tdl_d_los_30ns,rx_scale_tx_div2,sc_m003_run04_safe_interior_sum_midpoint_minus_half_cp,rx_scale_tx_div2,origsc-3588599b-5a087681-17f975e9-cpowner91,263403.201938273,0,1,0,1,0,60,91002,6617,1,0,0,60,91002,6617,52458857174880,13114714293720,366649843187,17,142709562037,337736714635,1815487282009
tdld_-05dB_seed_41010,nominal,tdl_d_los_30ns,rx_scale_tx_div2,sc_m003_run04_safe_interior_sum_midpoint_minus_half_cp,rx_scale_tx_div2,origsc-3588599b-5a087681-17f975e9-cpowner91,263403.201938273,0,1,0,1,0,0,101707,9049,1,0,0,0,101707,9049,58630221057724,14657555264431,578562290830,17,149872662297,558813483612,2094992199048
tdld_+00dB_seed_41001,nominal,tdl_d_los_30ns,rx_scale_tx_div2,sc_m003_run04_safe_interior_sum_midpoint_minus_half_cp,rx_scale_tx_div2,origsc-3588599b-5a087681-17f975e9-cpowner91,263403.201938273,0,1,0,1,0,0,101887,17090,1,0,0,0,101887,17090,58733946567560,14683486641890,494816466114,17,127071938685,478221766063,948740034589
tdld_+00dB_seed_41002,nominal,tdl_d_los_30ns,rx_scale_tx_div2,sc_m003_run04_safe_interior_sum_midpoint_minus_half_cp,rx_scale_tx_div2,origsc-3588599b-5a087681-17f975e9-cpowner91,263403.201938273,0,1,0,1,0,0,96378,17826,1,0,0,0,96378,17826,55558131662424,13889532915606,553807337960,17,179775815766,523816020797,1017959343281
tdld_+00dB_seed_41003,nominal,tdl_d_los_30ns,rx_scale_tx_div2,sc_m003_run04_safe_interior_sum_midpoint_minus_half_cp,rx_scale_tx_div2,origsc-3588599b-5a087681-17f975e9-cpowner91,263403.201938273,0,1,0,1,0,0,100015,14141,1,0,0,0,100015,14141,57654844065632,14413711016408,326118879824,17,91316456407,313073200014,755652695131
tdld_+00dB_seed_41004,nominal,tdl_d_los_30ns,rx_scale_tx_div2,sc_m003_run04_safe_interior_sum_midpoint_minus_half_cp,rx_scale_tx_div2,origsc-3588599b-5a087681-17f975e9-cpowner91,263403.201938273,0,1,0,1,0,0,101798,17234,1,0,0,0,101798,17234,58682826191080,14670706547770,529521821765,17,136568387686,511607696590,1006800179496
tdld_+00dB_seed_41005,nominal,tdl_d_los_30ns,rx_scale_tx_div2,sc_m003_run04_safe_interior_sum_midpoint_minus_half_cp,rx_scale_tx_div2,origsc-3588599b-5a087681-17f975e9-cpowner91,263403.201938273,0,1,0,1,0,0,96122,14316,1,0,0,0,96122,14316,55410465188180,13852616297045,359140521823,17,117702545349,339305209559,822007623688
tdld_+00dB_seed_41006,nominal,tdl_d_los_30ns,rx_scale_tx_div2,sc_m003_run04_safe_interior_sum_midpoint_minus_half_cp,rx_scale_tx_div2,origsc-3588599b-5a087681-17f975e9-cpowner91,263403.201938273,0,1,0,1,0,0,101733,18940,1,0,0,0,101733,18940,58644895512060,14661223878015,580390386978,17,150162582180,560628397612,1004107468127
tdld_+00dB_seed_41007,nominal,tdl_d_los_30ns,rx_scale_tx_div2,sc_m003_run04_safe_interior_sum_midpoint_minus_half_cp,rx_scale_tx_div2,origsc-3588599b-5a087681-17f975e9-cpowner91,263403.201938273,0,1,0,1,0,0,100838,13955,1,0,0,0,100838,13955,58129038836940,14532259709235,355318767509,17,95876556230,342139025119,834298835573
tdld_+00dB_seed_41008,nominal,tdl_d_los_30ns,rx_scale_tx_div2,sc_m003_run04_safe_interior_sum_midpoint_minus_half_cp,rx_scale_tx_div2,origsc-3588599b-5a087681-17f975e9-cpowner91,263403.201938273,0,1,0,1,0,0,101279,20642,1,0,0,0,101279,20642,58383460702136,14595865175534,714041186299,17,188763611028,688638595261,1133483363650
tdld_+00dB_seed_41009,nominal,tdl_d_los_30ns,rx_scale_tx_div2,sc_m003_run04_safe_interior_sum_midpoint_minus_half_cp,rx_scale_tx_div2,origsc-3588599b-5a087681-17f975e9-cpowner91,263403.201938273,0,1,0,1,0,0,99682,15129,1,0,0,0,99682,15129,57462968126292,14365742031573,383336902092,17,108913268910,367539222888,830236694541
tdld_+00dB_seed_41010,nominal,tdl_d_los_30ns,rx_scale_tx_div2,sc_m003_run04_safe_interior_sum_midpoint_minus_half_cp,rx_scale_tx_div2,origsc-3588599b-5a087681-17f975e9-cpowner91,263403.201938273,0,1,0,1,0,0,99548,17617,1,0,0,0,99548,17617,57385737219556,14346434304889,568653747395,17,162504995836,544939639552,1057683694433
tdld_+05dB_seed_41001,nominal,tdl_d_los_30ns,rx_scale_tx_div2,sc_m003_run04_safe_interior_sum_midpoint_minus_half_cp,rx_scale_tx_div2,origsc-3588599b-5a087681-17f975e9-cpowner91,263403.201938273,0,1,0,1,0,0,101070,25235,1,0,0,0,101070,25235,58263052747032,14565763186758,491698388412,17,131259262069,473854736484,638455462824
tdld_+05dB_seed_41002,nominal,tdl_d_los_30ns,rx_scale_tx_div2,sc_m003_run04_safe_interior_sum_midpoint_minus_half_cp,rx_scale_tx_div2,origsc-3588599b-5a087681-17f975e9-cpowner91,263403.201938273,0,1,0,1,0,0,99198,25697,1,0,0,0,99198,25697,57183684496212,14295921124053,558610577534,17,162047741887,534589849026,712309894960
tdld_+05dB_seed_41003,nominal,tdl_d_los_30ns,rx_scale_tx_div2,sc_m003_run04_safe_interior_sum_midpoint_minus_half_cp,rx_scale_tx_div2,origsc-3588599b-5a087681-17f975e9-cpowner91,263403.201938273,0,1,0,1,0,0,100817,22976,1,0,0,0,100817,22976,58116879716512,14529219929128,326880493046,17,88288412937,314731652166,466171993128
tdld_+05dB_seed_41004,nominal,tdl_d_los_30ns,rx_scale_tx_div2,sc_m003_run04_safe_interior_sum_midpoint_minus_half_cp,rx_scale_tx_div2,origsc-3588599b-5a087681-17f975e9-cpowner91,263403.201938273,0,1,0,1,0,0,100938,25428,1,0,0,0,100938,25428,58186780044364,14546695011091,528019145164,17,141821285059,508616693359,680410508605
tdld_+05dB_seed_41005,nominal,tdl_d_los_30ns,rx_scale_tx_div2,sc_m003_run04_safe_interior_sum_midpoint_minus_half_cp,rx_scale_tx_div2,origsc-3588599b-5a087681-17f975e9-cpowner91,263403.201938273,0,1,0,1,0,0,99168,23407,1,0,0,0,99168,23407,57166473471136,14291618367784,365024861584,17,106024524044,349287775159,511000961494
tdld_+05dB_seed_41006,nominal,tdl_d_los_30ns,rx_scale_tx_div2,sc_m003_run04_safe_interior_sum_midpoint_minus_half_cp,rx_scale_tx_div2,origsc-3588599b-5a087681-17f975e9-cpowner91,263403.201938273,0,1,0,1,0,0,101216,26326,1,0,0,0,101216,26326,58347327525552,14586831881388,573206930242,17,151978568241,552692228707,713463180265
tdld_+05dB_seed_41007,nominal,tdl_d_los_30ns,rx_scale_tx_div2,sc_m003_run04_safe_interior_sum_midpoint_minus_half_cp,rx_scale_tx_div2,origsc-3588599b-5a087681-17f975e9-cpowner91,263403.201938273,0,1,0,1,0,0,100798,22749,1,0,0,0,100798,22749,58106021223136,14526505305784,356410701474,17,96347516619,343140997502,513364960286
tdld_+05dB_seed_41008,nominal,tdl_d_los_30ns,rx_scale_tx_div2,sc_m003_run04_safe_interior_sum_midpoint_minus_half_cp,rx_scale_tx_div2,origsc-3588599b-5a087681-17f975e9-cpowner91,263403.201938273,0,1,0,1,0,0,101349,27560,1,0,0,0,101349,27560,58423628595900,14605907148975,706761172568,17,186227827779,681784827648,840298222878
tdld_+05dB_seed_41009,nominal,tdl_d_los_30ns,rx_scale_tx_div2,sc_m003_run04_safe_interior_sum_midpoint_minus_half_cp,rx_scale_tx_div2,origsc-3588599b-5a087681-17f975e9-cpowner91,263403.201938273,0,1,0,1,0,0,101357,24014,1,0,0,0,101357,24014,58428370316304,14607092579076,385074144855,17,101425679910,371476686335,525437675799
tdld_+05dB_seed_41010,nominal,tdl_d_los_30ns,rx_scale_tx_div2,sc_m003_run04_safe_interior_sum_midpoint_minus_half_cp,rx_scale_tx_div2,origsc-3588599b-5a087681-17f975e9-cpowner91,263403.201938273,0,1,0,1,0,0,98753,25475,1,0,0,0,98753,25475,56927407354224,14231851838556,565159120270,17,167038798760,539910058189,726935954095
tdld_+10dB_seed_41001,nominal,tdl_d_los_30ns,rx_scale_tx_div2,sc_m003_run04_safe_interior_sum_midpoint_minus_half_cp,rx_scale_tx_div2,origsc-3588599b-5a087681-17f975e9-cpowner91,263403.201938273,0,1,0,1,0,0,100643,29744,1,0,0,0,100643,29744,58016722614500,14504180653625,490408638080,17,133511706047,471884791715,540251507122
tdld_+10dB_seed_41002,nominal,tdl_d_los_30ns,rx_scale_tx_div2,sc_m003_run04_safe_interior_sum_midpoint_minus_half_cp,rx_scale_tx_div2,origsc-3588599b-5a087681-17f975e9-cpowner91,263403.201938273,0,1,0,1,0,0,100319,29872,1,0,0,0,100319,29872,57830071861524,14457517965381,560701555458,17,154895240888,538881896749,615047986193
tdld_+10dB_seed_41003,nominal,tdl_d_los_30ns,rx_scale_tx_div2,sc_m003_run04_safe_interior_sum_midpoint_minus_half_cp,rx_scale_tx_div2,origsc-3588599b-5a087681-17f975e9-cpowner91,263403.201938273,0,1,0,1,0,0,100899,28651,1,0,0,0,100899,28651,58164483095416,14541120773854,328015014213,17,88259189371,315917972013,375145532747
tdld_+10dB_seed_41004,nominal,tdl_d_los_30ns,rx_scale_tx_div2,sc_m003_run04_safe_interior_sum_midpoint_minus_half_cp,rx_scale_tx_div2,origsc-3588599b-5a087681-17f975e9-cpowner91,263403.201938273,0,1,0,1,0,0,100292,29880,1,0,0,0,100292,29880,57814188219448,14453547054862,524221188113,17,144996071868,503769781953,574888562884
tdld_+10dB_seed_41005,nominal,tdl_d_los_30ns,rx_scale_tx_div2,sc_m003_run04_safe_interior_sum_midpoint_minus_half_cp,rx_scale_tx_div2,origsc-3588599b-5a087681-17f975e9-cpowner91,263403.201938273,0,1,0,1,0,0,100396,29040,1,0,0,0,100396,29040,57874071734896,14468517933724,367089900904,17,101062958559,352904057433,414203469783
tdld_+10dB_seed_41006,nominal,tdl_d_los_30ns,rx_scale_tx_div2,sc_m003_run04_safe_interior_sum_midpoint_minus_half_cp,rx_scale_tx_div2,origsc-3588599b-5a087681-17f975e9-cpowner91,263403.201938273,0,1,0,1,0,0,100795,30136,1,0,0,0,100795,30136,58104520891760,14526130222940,570217593903,17,154163726992,548982376472,620011741029
tdld_+10dB_seed_41007,nominal,tdl_d_los_30ns,rx_scale_tx_div2,sc_m003_run04_safe_interior_sum_midpoint_minus_half_cp,rx_scale_tx_div2,origsc-3588599b-5a087681-17f975e9-cpowner91,263403.201938273,0,1,0,1,0,0,100939,28476,1,0,0,0,100939,28476,58187137037948,14546784259487,357832224303,17,96107832466,344684181953,411759260730
tdld_+10dB_seed_41008,nominal,tdl_d_los_30ns,rx_scale_tx_div2,sc_m003_run04_safe_interior_sum_midpoint_minus_half_cp,rx_scale_tx_div2,origsc-3588599b-5a087681-17f975e9-cpowner91,263403.201938273,0,1,0,1,0,0,101404,30795,1,0,0,0,101404,30795,58455440524380,14613860131095,701971643908,17,184484899489,677295733570,746932826452
tdld_+10dB_seed_41009,nominal,tdl_d_los_30ns,rx_scale_tx_div2,sc_m003_run04_safe_interior_sum_midpoint_minus_half_cp,rx_scale_tx_div2,origsc-3588599b-5a087681-17f975e9-cpowner91,263403.201938273,0,1,0,1,0,0,101730,29330,1,0,0,0,101730,29330,58643406913904,14660851728476,385460109295,17,99741255875,372332079916,430630858777
tdld_+10dB_seed_41010,nominal,tdl_d_los_30ns,rx_scale_tx_div2,sc_m003_run04_safe_interior_sum_midpoint_minus_half_cp,rx_scale_tx_div2,origsc-3588599b-5a087681-17f975e9-cpowner91,263403.201938273,0,1,0,1,0,0,98446,29759,1,0,0,0,98446,29759,56750107716696,14187526929174,563809324791,17,168770265079,537956831304,620815898485
tdld_+20dB_seed_41001,nominal,tdl_d_los_30ns,rx_scale_tx_div2,sc_m003_run04_safe_interior_sum_midpoint_minus_half_cp,rx_scale_tx_div2,origsc-3588599b-5a087681-17f975e9-cpowner91,263403.201938273,0,1,0,1,0,0,100288,32128,1,0,0,0,100288,32128,57811866927916,14452966731979,489550458320,17,135430757140,470444642080,499290826232
tdld_+20dB_seed_41002,nominal,tdl_d_los_30ns,rx_scale_tx_div2,sc_m003_run04_safe_interior_sum_midpoint_minus_half_cp,rx_scale_tx_div2,origsc-3588599b-5a087681-17f975e9-cpowner91,263403.201938273,0,1,0,1,0,0,101036,32091,1,0,0,0,101036,32091,58243246026660,14560811506665,562064930178,17,150283138716,541601296115,573915947868
tdld_+20dB_seed_41003,nominal,tdl_d_los_30ns,rx_scale_tx_div2,sc_m003_run04_safe_interior_sum_midpoint_minus_half_cp,rx_scale_tx_div2,origsc-3588599b-5a087681-17f975e9-cpowner91,263403.201938273,0,1,0,1,0,0,100755,31954,1,0,0,0,100755,31954,58081343046572,14520335761643,329424303613,17,89227060182,317110238785,337806315737
tdld_+20dB_seed_41004,nominal,tdl_d_los_30ns,rx_scale_tx_div2,sc_m003_run04_safe_interior_sum_midpoint_minus_half_cp,rx_scale_tx_div2,origsc-3588599b-5a087681-17f975e9-cpowner91,263403.201938273,0,1,0,1,0,0,99618,32186,1,0,0,0,99618,32186,57425818197680,14356454549420,519145924471,17,147911904048,497628937599,528532300693
tdld_+20dB_seed_41005,nominal,tdl_d_los_30ns,rx_scale_tx_div2,sc_m003_run04_safe_interior_sum_midpoint_minus_half_cp,rx_scale_tx_div2,origsc-3588599b-5a087681-17f975e9-cpowner91,263403.201938273,0,1,0,1,0,0,101202,32116,1,0,0,0,101202,32116,58338748550488,14584687137622,368090830975,17,97662594495,354898404455,375558249902
tdld_+20dB_seed_41006,nominal,tdl_d_los_30ns,rx_scale_tx_div2,sc_m003_run04_safe_interior_sum_midpoint_minus_half_cp,rx_scale_tx_div2,origsc-3588599b-5a087681-17f975e9-cpowner91,263403.201938273,0,1,0,1,0,0,100348,32131,1,0,0,0,100348,32131,57846859034152,14461714758538,568218004600,17,156767026348,546164627380,579474667226
tdld_+20dB_seed_41007,nominal,tdl_d_los_30ns,rx_scale_tx_div2,sc_m003_run04_safe_interior_sum_midpoint_minus_half_cp,rx_scale_tx_div2,origsc-3588599b-5a087681-17f975e9-cpowner91,263403.201938273,0,1,0,1,0,0,101158,31900,1,0,0,0,101158,31900,58313878748156,14578469687039,359560509798,17,95591754813,346620796575,369338578403
tdld_+20dB_seed_41008,nominal,tdl_d_los_30ns,rx_scale_tx_div2,sc_m003_run04_safe_interior_sum_midpoint_minus_half_cp,rx_scale_tx_div2,origsc-3588599b-5a087681-17f975e9-cpowner91,263403.201938273,0,1,0,1,0,0,101462,32303,1,0,0,0,101462,32303,58489089377120,14622272344280,697362188336,17,182768047578,672985781800,707391772416
tdld_+20dB_seed_41009,nominal,tdl_d_los_30ns,rx_scale_tx_div2,sc_m003_run04_safe_interior_sum_midpoint_minus_half_cp,rx_scale_tx_div2,origsc-3588599b-5a087681-17f975e9-cpowner91,263403.201938273,0,1,0,1,0,0,101723,32148,1,0,0,0,101723,32148,58639206453536,14659801613384,385410673056,17,99763370302,372274974785,392833375472
tdld_+20dB_seed_41010,nominal,tdl_d_los_30ns,rx_scale_tx_div2,sc_m003_run04_safe_interior_sum_midpoint_minus_half_cp,rx_scale_tx_div2,origsc-3588599b-5a087681-17f975e9-cpowner91,263403.201938273,0,1,0,1,0,0,98259,32081,1,0,0,0,98259,32081,56642713723340,14160678430835,562979663182,17,169809168601,536759673798,575027899102
paper_fixture_seed_31001,nominal,paper_offset_snr_project_grid_fixture,rx_scale_tx_div2,sc_m003_run04_safe_interior_sum_midpoint_minus_half_cp,rx_scale_tx_div2,origsc-3588599b-5a087681-17f975e9-cpowner91,263403.201938273,0,1,0,1,0,0,100373,31622,1,0,0,0,100373,31622,57861205589024,14465301397256,467521348931,17,128841665966,449417441603,484463242857
paper_fixture_seed_31002,nominal,paper_offset_snr_project_grid_fixture,rx_scale_tx_div2,sc_m003_run04_safe_interior_sum_midpoint_minus_half_cp,rx_scale_tx_div2,origsc-3588599b-5a087681-17f975e9-cpowner91,263403.201938273,0,1,0,1,0,0,99352,31169,1,0,0,0,99352,31169,57272534281280,14318133570320,464311925301,17,133811026108,444612385420,488126878804
paper_fixture_seed_31003,nominal,paper_offset_snr_project_grid_fixture,rx_scale_tx_div2,sc_m003_run04_safe_interior_sum_midpoint_minus_half_cp,rx_scale_tx_div2,origsc-3588599b-5a087681-17f975e9-cpowner91,263403.201938273,0,1,0,1,0,0,99405,31577,1,0,0,0,99405,31577,57302847298756,14325711824689,462092882621,17,132872072368,442577501183,479516567290
paper_fixture_seed_31004,nominal,paper_offset_snr_project_grid_fixture,rx_scale_tx_div2,sc_m003_run04_safe_interior_sum_midpoint_minus_half_cp,rx_scale_tx_div2,origsc-3588599b-5a087681-17f975e9-cpowner91,263403.201938273,0,1,0,1,0,0,99805,31245,1,0,0,0,99805,31245,57533802343868,14383450585967,466625356475,17,131869514171,447604350446,489367326733
paper_fixture_seed_31005,nominal,paper_offset_snr_project_grid_fixture,rx_scale_tx_div2,sc_m003_run04_safe_interior_sum_midpoint_minus_half_cp,rx_scale_tx_div2,origsc-3588599b-5a087681-17f975e9-cpowner91,263403.201938273,0,1,0,1,0,0,99434,31688,1,0,0,0,99434,31688,57320032978416,14330008244604,464402147586,17,133365445786,444840434935,480225299536
paper_fixture_seed_31006,nominal,paper_offset_snr_project_grid_fixture,rx_scale_tx_div2,sc_m003_run04_safe_interior_sum_midpoint_minus_half_cp,rx_scale_tx_div2,origsc-3588599b-5a087681-17f975e9-cpowner91,263403.201938273,0,1,0,1,0,0,99760,31546,1,0,0,0,99760,31546,57507691411564,14376922852891,468235750749,17,132586383164,449071897672,486363110906
paper_fixture_seed_31007,nominal,paper_offset_snr_project_grid_fixture,rx_scale_tx_div2,sc_m003_run04_safe_interior_sum_midpoint_minus_half_cp,rx_scale_tx_div2,origsc-3588599b-5a087681-17f975e9-cpowner91,263403.201938273,0,1,0,1,0,0,100234,31766,1,0,0,0,100234,31766,57781228663468,14445307165867,469802549924,17,130276370946,451378447744,484619634354
paper_fixture_seed_31008,nominal,paper_offset_snr_project_grid_fixture,rx_scale_tx_div2,sc_m003_run04_safe_interior_sum_midpoint_minus_half_cp,rx_scale_tx_div2,origsc-3588599b-5a087681-17f975e9-cpowner91,263403.201938273,0,1,0,1,0,0,99787,31465,1,0,0,0,99787,31465,57523521804460,14380880451115,466698810841,17,131993004138,447644531854,486023152404
paper_fixture_seed_31009,nominal,paper_offset_snr_project_grid_fixture,rx_scale_tx_div2,sc_m003_run04_safe_interior_sum_midpoint_minus_half_cp,rx_scale_tx_div2,origsc-3588599b-5a087681-17f975e9-cpowner91,263403.201938273,0,1,0,1,0,0,99338,31233,1,0,0,0,99338,31233,57264741627512,14316185406878,466898063797,17,134634100021,447065387934,489833386175
paper_fixture_seed_31010,nominal,paper_offset_snr_project_grid_fixture,rx_scale_tx_div2,sc_m003_run04_safe_interior_sum_midpoint_minus_half_cp,rx_scale_tx_div2,origsc-3588599b-5a087681-17f975e9-cpowner91,263403.201938273,0,1,0,1,0,0,100122,31620,1,0,0,0,100122,31620,57716674911500,14429168727875,465655117376,17,129770843206,447207129407,482548479198
continuous_frame_1,deterministic,single_path,rx_scale_tx_div2,sc_m003_run04_safe_interior_sum_midpoint_minus_half_cp,rx_scale_tx_div2,origsc-3588599b-5a087681-17f975e9-cpowner91,263403.201938273,0,1,0,1,0,0,-149977,31955,1,0,0,0,-149977,31955,-86455903276908,-21613975819227,460567188200,17,-161859384630,-431188676166,472274103839
continuous_frame_2,deterministic,single_path,rx_scale_tx_div2,sc_m003_run04_safe_interior_sum_midpoint_minus_half_cp,rx_scale_tx_div2,origsc-3588599b-5a087681-17f975e9-cpowner91,263403.201938273,0,1,0,1,0,0,0,31955,1,0,0,0,0,31955,-133732876,-33433219,460538891604,17,460538891602,-1374816,472243182180
continuous_frame_3,deterministic,single_path,rx_scale_tx_div2,sc_m003_run04_safe_interior_sum_midpoint_minus_half_cp,rx_scale_tx_div2,origsc-3588599b-5a087681-17f975e9-cpowner91,263403.201938273,0,1,0,1,0,0,150000,32768,1,0,0,0,150000,32768,86469073228224,21617268307056,472253542302,17,-166096349353,442080774235,472252309398
near_unambiguous_-1,stress,single_path,rx_scale_tx_div2,sc_m003_run04_safe_interior_sum_midpoint_minus_half_cp,rx_scale_tx_div2,origsc-3588599b-5a087681-17f975e9-cpowner91,263403.201938273,0,1,0,1,0,0,-240000,32768,1,0,0,0,-240000,32768,-138350453431672,-34587613357918,472252284782,17,-471582031400,-25151702580,472251707233
near_unambiguous_+1,stress,single_path,rx_scale_tx_div2,sc_m003_run04_safe_interior_sum_midpoint_minus_half_cp,rx_scale_tx_div2,origsc-3588599b-5a087681-17f975e9-cpowner91,263403.201938273,0,1,0,1,0,0,240000,32768,1,0,0,0,240000,32768,138350471373152,34587617843288,472252495467,17,-471582251859,25151524934,472252354787
explicit_out_of_range,stress,single_path,rx_scale_tx_div2,sc_m003_run04_safe_interior_sum_midpoint_minus_half_cp,rx_scale_tx_div2,origsc-3588599b-5a087681-17f975e9-cpowner91,263403.201938273,0,1,0,1,0,0,174968,31602,1,0,0,0,174968,31602,100862318267284,25215579566821,455426489092,17,-286612744213,353929967396,472215677120
