"case_index_zero_based","case_id","stimulus_first_line_zero_based","stimulus_line_count","metric_first_line_zero_based","metric_line_count","result_line_zero_based","source_vector_relative_path","source_vector_sha256"
"0","pairwise_01","0","768","0","257","0","selected_vectors/pairwise_01.bin","b12da46e10df4fdddc188c30212e1ff28377b57b4b1830fe08edf34c6b46095e"
"1","pairwise_02","768","768","257","257","1","selected_vectors/pairwise_02.bin","7976df4b49447235ced4e3ac2ac84e119daf2e0caa7dbfa92ec6c360110fae60"
"2","pairwise_03","1536","768","514","257","2","selected_vectors/pairwise_03.bin","d3ee389cfbecbbc1ac00c895f9834d4e52ab5711aaf384b21a7add9bb8dcceb1"
"3","pairwise_04","2304","768","771","257","3","selected_vectors/pairwise_04.bin","abbe33b51dc24b4429c2e5d949dfc3d8b913cb5baa31433ec784f54e50fdb028"
"4","pairwise_05","3072","768","1028","257","4","selected_vectors/pairwise_05.bin","2871ca1d95d360f5cd5f46d6fa6ed0bb08da1cd64c60fc7efdc43e94e7815306"
"5","pairwise_06","3840","768","1285","257","5","selected_vectors/pairwise_06.bin","88815bef335fc25da4dd700d3e1ba7b459ff40b8c844d0afc6a93c83235a4248"
"6","pairwise_07","4608","768","1542","257","6","selected_vectors/pairwise_07.bin","ae915f5503439069db62eea00d7616ba72fbf8dd5b7f23f552ec2d879896bd4d"
"7","pairwise_08","5376","768","1799","257","7","selected_vectors/pairwise_08.bin","edb8ea9a9e3d659ad63bbc4154bb4bd9676aedf7769dad6699918b55148f8908"
"8","pairwise_09","6144","768","2056","257","8","selected_vectors/pairwise_09.bin","e36941442db8087af5ad0a1b7621af32b08f9bbb43f0dc8386fc422b9ab53db3"
"9","sign_corner_01","6912","768","2313","257","9","selected_vectors/sign_corner_01.bin","b12da46e10df4fdddc188c30212e1ff28377b57b4b1830fe08edf34c6b46095e"
"10","sign_corner_02","7680","768","2570","257","10","selected_vectors/sign_corner_02.bin","84881e888af18f0948d043181eba031de0150271c76d40ec3b85b9b7ed475ddf"
"11","sign_corner_03","8448","768","2827","257","11","selected_vectors/sign_corner_03.bin","5b86add64796771997c4545e93790aaca82d17952f0339c0c394cca086874a72"
"12","sign_corner_04","9216","768","3084","257","12","selected_vectors/sign_corner_04.bin","d3ee389cfbecbbc1ac00c895f9834d4e52ab5711aaf384b21a7add9bb8dcceb1"
"13","sign_corner_05","9984","768","3341","257","13","selected_vectors/sign_corner_05.bin","a7664965db5cc8bc4cd131414fb6b5d0c4861790f53828c9999df47cdb2d2224"
"14","sign_corner_06","10752","768","3598","257","14","selected_vectors/sign_corner_06.bin","ae915f5503439069db62eea00d7616ba72fbf8dd5b7f23f552ec2d879896bd4d"
"15","sign_corner_07","11520","768","3855","257","15","selected_vectors/sign_corner_07.bin","923206d4728cc4a1f7e06772615b2ee91ec0813e6acb7e40be9be39f93c35a20"
"16","sign_corner_08","12288","768","4112","257","16","selected_vectors/sign_corner_08.bin","99ce4cb11c7c61d74af81aa28d76a72b4b80a6dd1f848d076ff0828d648ca057"
"17","lane_boundary_mod4_0","13056","768","4369","257","17","selected_vectors/lane_boundary_mod4_0.bin","3266642da4ab81bb0ada64436568f2dea7426c318f93d4591b8bd719872287bc"
"18","lane_boundary_mod4_1","13824","768","4626","257","18","selected_vectors/lane_boundary_mod4_1.bin","ce2f1a9fd196d548e7270767f1c476a6a03278956ebaf32a367705062a06c17c"
"19","lane_boundary_mod4_2","14592","768","4883","257","19","selected_vectors/lane_boundary_mod4_2.bin","90139edcaa33d348e8ab098abb70819f352c1ca38746d7a5189f70fcad5210f3"
"20","lane_boundary_mod4_3","15360","768","5140","257","20","selected_vectors/lane_boundary_mod4_3.bin","fc62628408a470e95ecf3c8511573b295e93664823c1e08c44d0bc7a5df8f18d"
"21","to_positive_components","16128","768","5397","257","21","selected_vectors/to_positive_components.bin","45cd82a966077b376964997f558008ace86ff68db40da11cef5c9eb001d20991"
"22","to_negative_components","16896","768","5654","257","22","selected_vectors/to_negative_components.bin","7976df4b49447235ced4e3ac2ac84e119daf2e0caa7dbfa92ec6c360110fae60"
"23","fo_positive_components","17664","768","5911","257","23","selected_vectors/fo_positive_components.bin","46b3ad4e35d36727d810f96dc92501ed043925429fc126e2e71904ea5968ae35"
"24","fo_negative_components","18432","768","6168","257","24","selected_vectors/fo_negative_components.bin","abbe33b51dc24b4429c2e5d949dfc3d8b913cb5baa31433ec784f54e50fdb028"
"25","tdld_-05dB_seed_41001","19200","768","6425","257","25","selected_vectors/tdld_-05dB_seed_41001.bin","6b399d9bb608a376cf0d843568ef3504fdb9d42ba147ce652d5f28fff94b5485"
"26","tdld_-05dB_seed_41002","19968","768","6682","257","26","selected_vectors/tdld_-05dB_seed_41002.bin","8f64cc3887dc7a60ac60cc2ad1ce72dd1edac2669a5888fb1be11eab3e0cafa1"
"27","tdld_-05dB_seed_41003","20736","768","6939","257","27","selected_vectors/tdld_-05dB_seed_41003.bin","499a463cdf9c4419fe189b432aa4c20a49f8cd544cc2fa9bccc69c6fc39b2417"
"28","tdld_-05dB_seed_41004","21504","768","7196","257","28","selected_vectors/tdld_-05dB_seed_41004.bin","0ff9f238ef579d3de7f46c3be9bac043911fa7ab1373fcdc60e5420bf17bccca"
"29","tdld_-05dB_seed_41005","22272","768","7453","257","29","selected_vectors/tdld_-05dB_seed_41005.bin","cea17e13c3c78c72ea8acd9966b0636f7877f148ae3a4f633da0d9f9fc240db9"
"30","tdld_-05dB_seed_41006","23040","768","7710","257","30","selected_vectors/tdld_-05dB_seed_41006.bin","81771a74d0b8a446cb18c89656e5e954498bec12ad8ee3dabf4615600ff84c63"
"31","tdld_-05dB_seed_41007","23808","768","7967","257","31","selected_vectors/tdld_-05dB_seed_41007.bin","2e2772008241c850bcba6ac2126488db56a458b4d82a4915c96dc0dae48a6c4e"
"32","tdld_-05dB_seed_41008","24576","768","8224","257","32","selected_vectors/tdld_-05dB_seed_41008.bin","3479b19f00de3fc88d32e6d0510a011f5cbc09e7ab437d03529153a1a78e006c"
"33","tdld_-05dB_seed_41009","25344","768","8481","257","33","selected_vectors/tdld_-05dB_seed_41009.bin","7b70e67a3f52bf8c860d770d8fb777c5e655c4672f76ab71e92ebf1f82acdee2"
"34","tdld_-05dB_seed_41010","26112","768","8738","257","34","selected_vectors/tdld_-05dB_seed_41010.bin","edf7caec42071dd623eece67b9db857240587247a066fd98ae9525b48dac23bf"
"35","tdld_+00dB_seed_41001","26880","768","8995","257","35","selected_vectors/tdld__00dB_seed_41001.bin","90b9b607421afc061992b5d15dc47a15c8c215f62f6d86bc1ee83ae74f97e00b"
"36","tdld_+00dB_seed_41002","27648","768","9252","257","36","selected_vectors/tdld__00dB_seed_41002.bin","c784509d5a45eb60733e4bda38cb0c628f4b05732645d6b72b9ac4b9025dd1c6"
"37","tdld_+00dB_seed_41003","28416","768","9509","257","37","selected_vectors/tdld__00dB_seed_41003.bin","2a6c3e04233d556c65d101573fa8036050e7d8f029fdcbd5e7d9e0a85bc9aa4b"
"38","tdld_+00dB_seed_41004","29184","768","9766","257","38","selected_vectors/tdld__00dB_seed_41004.bin","fd96aad284e990da3dc65227ea20b4412d90f198c3e0cd9b52f0576882dbba14"
"39","tdld_+00dB_seed_41005","29952","768","10023","257","39","selected_vectors/tdld__00dB_seed_41005.bin","33de465e96dddbb8a90da1e09747e16253f4f9445e12f55dbfffa0618ca2073b"
"40","tdld_+00dB_seed_41006","30720","768","10280","257","40","selected_vectors/tdld__00dB_seed_41006.bin","29749d4fcf14e108ba946935988046acf5795954ade640687a937c26540ce896"
"41","tdld_+00dB_seed_41007","31488","768","10537","257","41","selected_vectors/tdld__00dB_seed_41007.bin","4abae83949938be8e627d5f867eae9acda4ceb19379e852ab9397d12a9094678"
"42","tdld_+00dB_seed_41008","32256","768","10794","257","42","selected_vectors/tdld__00dB_seed_41008.bin","d9dca8289c6c2a6b81f1f013401ca373c8ceb262f11990d3b7d2b1bf57c48298"
"43","tdld_+00dB_seed_41009","33024","768","11051","257","43","selected_vectors/tdld__00dB_seed_41009.bin","82457fa2b5bd5cd6f7687f04883c664cccdd0b613076ebf8429b33f77b3a3cc5"
"44","tdld_+00dB_seed_41010","33792","768","11308","257","44","selected_vectors/tdld__00dB_seed_41010.bin","3b6051b2cc6455a042deb13f61c0e6ef81df36da81eeccc500d5e5053855761d"
"45","tdld_+05dB_seed_41001","34560","768","11565","257","45","selected_vectors/tdld__05dB_seed_41001.bin","1954718618306a78225e4f4980157b0a3a3436636385788494f36a4d7783e126"
"46","tdld_+05dB_seed_41002","35328","768","11822","257","46","selected_vectors/tdld__05dB_seed_41002.bin","b0685400d58dc270ac5c7d571bec16a196c6500dde456a56bac09466a24ad024"
"47","tdld_+05dB_seed_41003","36096","768","12079","257","47","selected_vectors/tdld__05dB_seed_41003.bin","1138839559adb29bfe93f5152df759d0d9740d5db6644fc3223f539cb44a5801"
"48","tdld_+05dB_seed_41004","36864","768","12336","257","48","selected_vectors/tdld__05dB_seed_41004.bin","53dd250baba383169d6e0debdb989f80cb6c3d838591d230c8b30f643bde4383"
"49","tdld_+05dB_seed_41005","37632","768","12593","257","49","selected_vectors/tdld__05dB_seed_41005.bin","57731a75d12ad2030affe94bcd3b18695361ad32fb164821c50720e80247a43b"
"50","tdld_+05dB_seed_41006","38400","768","12850","257","50","selected_vectors/tdld__05dB_seed_41006.bin","e1dfae53eb5070a85ab6b250bcbfd5f0808387c8b381bb50454dbeeb4579a1ef"
"51","tdld_+05dB_seed_41007","39168","768","13107","257","51","selected_vectors/tdld__05dB_seed_41007.bin","14a939e35db83cab714d308fbf3e62bc01a5950168356e74c6c821a61a1d88de"
"52","tdld_+05dB_seed_41008","39936","768","13364","257","52","selected_vectors/tdld__05dB_seed_41008.bin","2a8027512b2aad4706a24f68289bd2dc258c49e6623a2130d7481d4ff5473781"
"53","tdld_+05dB_seed_41009","40704","768","13621","257","53","selected_vectors/tdld__05dB_seed_41009.bin","830f2bc57771318097dcd5b765bc5d7ddc7dd383111e313e18fcf35c8bbd8b19"
"54","tdld_+05dB_seed_41010","41472","768","13878","257","54","selected_vectors/tdld__05dB_seed_41010.bin","05ac813b1a31ec2f16574400fe2ddf90953888c0ebd4764570275b1ab765e298"
"55","tdld_+10dB_seed_41001","42240","768","14135","257","55","selected_vectors/tdld__10dB_seed_41001.bin","b5c7265e278d918e4d34cbb056e4b989bdc5456a5e7b029bb6946301113a00cb"
"56","tdld_+10dB_seed_41002","43008","768","14392","257","56","selected_vectors/tdld__10dB_seed_41002.bin","63845a3bcebed5b215dfdc28d530501e1e3bc01c1ea522fbb071cf83cfbbce1b"
"57","tdld_+10dB_seed_41003","43776","768","14649","257","57","selected_vectors/tdld__10dB_seed_41003.bin","6497d1d6728a312c491d2840fe7eb0e11f3c2e52e5710660fc6112bbe18a01ae"
"58","tdld_+10dB_seed_41004","44544","768","14906","257","58","selected_vectors/tdld__10dB_seed_41004.bin","0f8f7f775890721bf8631f7d2954e7170da4a6d307ab0964831ead739881dfa8"
"59","tdld_+10dB_seed_41005","45312","768","15163","257","59","selected_vectors/tdld__10dB_seed_41005.bin","a5ceb8d42a8715b68a255b070d35d6483ce3cf90ea7bbc7c1069e84e11a96c1d"
"60","tdld_+10dB_seed_41006","46080","768","15420","257","60","selected_vectors/tdld__10dB_seed_41006.bin","dda32926513cec9f30fdf824949f7b61632245261c89a1a7f3d6101274b07717"
"61","tdld_+10dB_seed_41007","46848","768","15677","257","61","selected_vectors/tdld__10dB_seed_41007.bin","5637ef5eb5b0c371e6ae191bf850fe1178fe7aca9a845b2a8684e7b347380b85"
"62","tdld_+10dB_seed_41008","47616","768","15934","257","62","selected_vectors/tdld__10dB_seed_41008.bin","c6acb3fc3ddf4dc0a935c9c342e67bb1d559802af22d5e8ca5ab9e7819924276"
"63","tdld_+10dB_seed_41009","48384","768","16191","257","63","selected_vectors/tdld__10dB_seed_41009.bin","dfb230ffa0dc6a7ce55b1b0422ef497ea393e9032d2e0247c5ac4717213ff293"
"64","tdld_+10dB_seed_41010","49152","768","16448","257","64","selected_vectors/tdld__10dB_seed_41010.bin","608ab37766498cda23d21fd3420812cb26c57db4fa8899ae55131fd7d5638808"
"65","tdld_+20dB_seed_41001","49920","768","16705","257","65","selected_vectors/tdld__20dB_seed_41001.bin","22a1451e8a4fa2ba8aba2b5e845468f22ce2f66337ce1d4f23f74543020ae05f"
"66","tdld_+20dB_seed_41002","50688","768","16962","257","66","selected_vectors/tdld__20dB_seed_41002.bin","d6ab30287ccf964f9406098acd0b3277573423862e77de4dfe34d7104ae60bcf"
"67","tdld_+20dB_seed_41003","51456","768","17219","257","67","selected_vectors/tdld__20dB_seed_41003.bin","5ec185dd76b72f8a21ebb4a2f38bd2432585c4d6c12a5f5c700cab7776118388"
"68","tdld_+20dB_seed_41004","52224","768","17476","257","68","selected_vectors/tdld__20dB_seed_41004.bin","055f8179b5c6698d32e3247271f1f9efd909038dbccc4b7b91d54b0c8310c707"
"69","tdld_+20dB_seed_41005","52992","768","17733","257","69","selected_vectors/tdld__20dB_seed_41005.bin","d6802d4c4b5ab74e9a24c570334c012b91fc8de943c14033aebcf61a747e0ef2"
"70","tdld_+20dB_seed_41006","53760","768","17990","257","70","selected_vectors/tdld__20dB_seed_41006.bin","9ec19ad62d3867d8a316791f74e9b1b201eba55db8d89a2fa0cfcf55894c22b6"
"71","tdld_+20dB_seed_41007","54528","768","18247","257","71","selected_vectors/tdld__20dB_seed_41007.bin","26e0db4658c2324db4dec72ae7e7fb4662ed813648ea362a7e90de6ea51c8481"
"72","tdld_+20dB_seed_41008","55296","768","18504","257","72","selected_vectors/tdld__20dB_seed_41008.bin","ff061034b80ab71d522bbfa051ecea0d6f65c0d6959a6c0b715f817cff34b827"
"73","tdld_+20dB_seed_41009","56064","768","18761","257","73","selected_vectors/tdld__20dB_seed_41009.bin","cec3c80790c2529d170cc142772c8466a3c3b803c6d6cbd66db1e68ebc0fc673"
"74","tdld_+20dB_seed_41010","56832","768","19018","257","74","selected_vectors/tdld__20dB_seed_41010.bin","f8553a65476d649610395d2872b956a9b58f6d87d79f0ef844d7a4670e88cbd8"
"75","paper_fixture_seed_31001","57600","768","19275","257","75","selected_vectors/paper_fixture_seed_31001.bin","4bee292b5f13be19db6708a6218bc67e03facb3fc06b9760935dc068413d466d"
"76","paper_fixture_seed_31002","58368","768","19532","257","76","selected_vectors/paper_fixture_seed_31002.bin","dfc7782ebc90bccf64601088f47f378ac7b4a31ffcd9a6d8d5b81818dbd789c8"
"77","paper_fixture_seed_31003","59136","768","19789","257","77","selected_vectors/paper_fixture_seed_31003.bin","87aca810cb66d87490ea298ecb42ff2e2ebc51d7524b2772b26a9f47e477bc7f"
"78","paper_fixture_seed_31004","59904","768","20046","257","78","selected_vectors/paper_fixture_seed_31004.bin","0c4e42af32240dccd161302d6a3d68c920e3aba9db36c14fe9dfa227b6291e61"
"79","paper_fixture_seed_31005","60672","768","20303","257","79","selected_vectors/paper_fixture_seed_31005.bin","ce88deead642462dd13e82a73eace8988b7858f2c86a362a528bb491949205ca"
"80","paper_fixture_seed_31006","61440","768","20560","257","80","selected_vectors/paper_fixture_seed_31006.bin","962c44bcbc09917ce2ccd1cb38b25b8b2072210a0cc1a2bf0f5f36a93997d47a"
"81","paper_fixture_seed_31007","62208","768","20817","257","81","selected_vectors/paper_fixture_seed_31007.bin","0dec8c4181616cce4bcfad4f2543603116f17ae9a1dcaaf7b8c820e462633e53"
"82","paper_fixture_seed_31008","62976","768","21074","257","82","selected_vectors/paper_fixture_seed_31008.bin","3262600bdde069aabe7c9b2a53e944eccc1e9a291f211784ce0b32ee88c39181"
"83","paper_fixture_seed_31009","63744","768","21331","257","83","selected_vectors/paper_fixture_seed_31009.bin","2035a5099b8614854a37000383f2bb353c4411f9ef348386ea189248daea927b"
"84","paper_fixture_seed_31010","64512","768","21588","257","84","selected_vectors/paper_fixture_seed_31010.bin","f533adcfefbb57e7c8ef99693993aee310df6f11776b4eba01c90aa70db3768a"
"85","continuous_frame_1","65280","768","21845","257","85","selected_vectors/continuous_frame_1.bin","1345e4a36549f9599c0ba1d6ab24aa7c9f25903e2cdf7fc3306fe98d483f2611"
"86","continuous_frame_2","66048","768","22102","257","86","selected_vectors/continuous_frame_2.bin","fe65d7a062d41f0fa16098926e1e0a2233ee27f78cff17b69452b54ee22631ae"
"87","continuous_frame_3","66816","768","22359","257","87","selected_vectors/continuous_frame_3.bin","8b6ee20c65d16ccd4cc0977baaf87d1fcbafb66d7858d945288f45374cfd686e"
"88","near_unambiguous_-1","67584","768","22616","257","88","selected_vectors/near_unambiguous_-1.bin","4afb159da886503e8665cceed4c4df2cb7abe5deda27e342582e26f80cf38f40"
"89","near_unambiguous_+1","68352","768","22873","257","89","selected_vectors/near_unambiguous__1.bin","fc91fe92833fd7a56810ce1795c24e68cb6a2755bebc551563dd6738dd261f27"
"90","explicit_out_of_range","69120","768","23130","257","90","selected_vectors/explicit_out_of_range.bin","8c0e99501c5a5427bfff53543c8e8e4542449ec6f0e7622a32f4af9dbfabed1f"
