"IP","Parameter","Value","Expected","SourceMatches"
"farrow_add_18","AINIT_Value","0","0","1"
"farrow_add_18","A_Type","Signed","Signed","1"
"farrow_add_18","A_Width","18","18","1"
"farrow_add_18","Add_Mode","Add_Subtract","Add_Subtract","1"
"farrow_add_18","B_Constant","false","false","1"
"farrow_add_18","B_Type","Signed","Signed","1"
"farrow_add_18","B_Value","000000000000000000","000000000000000000","1"
"farrow_add_18","B_Width","18","18","1"
"farrow_add_18","Borrow_Sense","Active_Low","Active_Low","1"
"farrow_add_18","Bypass","false","false","1"
"farrow_add_18","Bypass_CE_Priority","CE_Overrides_Bypass","CE_Overrides_Bypass","1"
"farrow_add_18","Bypass_Sense","Active_High","Active_High","1"
"farrow_add_18","CE","false","false","1"
"farrow_add_18","C_In","false","false","1"
"farrow_add_18","C_Out","false","false","1"
"farrow_add_18","Component_Name","farrow_add_18","farrow_add_18","1"
"farrow_add_18","Implementation","Fabric","Fabric","1"
"farrow_add_18","Latency","1","1","1"
"farrow_add_18","Latency_Configuration","Manual","Manual","1"
"farrow_add_18","Out_Width","18","18","1"
"farrow_add_18","SCLR","true","true","1"
"farrow_add_18","SINIT","false","false","1"
"farrow_add_18","SINIT_Value","0","0","1"
"farrow_add_18","SSET","false","false","1"
"farrow_add_18","Sync_CE_Priority","Sync_Overrides_CE","Sync_Overrides_CE","1"
"farrow_add_18","Sync_Ctrl_Priority","Reset_Overrides_Set","Reset_Overrides_Set","1"
"farrow_add_28","AINIT_Value","0","0","1"
"farrow_add_28","A_Type","Signed","Signed","1"
"farrow_add_28","A_Width","28","28","1"
"farrow_add_28","Add_Mode","Add_Subtract","Add_Subtract","1"
"farrow_add_28","B_Constant","false","false","1"
"farrow_add_28","B_Type","Signed","Signed","1"
"farrow_add_28","B_Value","0000000000000000000000000000","0000000000000000000000000000","1"
"farrow_add_28","B_Width","28","28","1"
"farrow_add_28","Borrow_Sense","Active_Low","Active_Low","1"
"farrow_add_28","Bypass","false","false","1"
"farrow_add_28","Bypass_CE_Priority","CE_Overrides_Bypass","CE_Overrides_Bypass","1"
"farrow_add_28","Bypass_Sense","Active_High","Active_High","1"
"farrow_add_28","CE","false","false","1"
"farrow_add_28","C_In","false","false","1"
"farrow_add_28","C_Out","false","false","1"
"farrow_add_28","Component_Name","farrow_add_28","farrow_add_28","1"
"farrow_add_28","Implementation","Fabric","Fabric","1"
"farrow_add_28","Latency","1","1","1"
"farrow_add_28","Latency_Configuration","Manual","Manual","1"
"farrow_add_28","Out_Width","28","28","1"
"farrow_add_28","SCLR","true","true","1"
"farrow_add_28","SINIT","false","false","1"
"farrow_add_28","SINIT_Value","0","0","1"
"farrow_add_28","SSET","false","false","1"
"farrow_add_28","Sync_CE_Priority","Sync_Overrides_CE","Sync_Overrides_CE","1"
"farrow_add_28","Sync_Ctrl_Priority","Reset_Overrides_Set","Reset_Overrides_Set","1"
"farrow_add_32","AINIT_Value","0","0","1"
"farrow_add_32","A_Type","Signed","Signed","1"
"farrow_add_32","A_Width","32","32","1"
"farrow_add_32","Add_Mode","Add_Subtract","Add_Subtract","1"
"farrow_add_32","B_Constant","false","false","1"
"farrow_add_32","B_Type","Signed","Signed","1"
"farrow_add_32","B_Value","00000000000000000000000000000000","00000000000000000000000000000000","1"
"farrow_add_32","B_Width","32","32","1"
"farrow_add_32","Borrow_Sense","Active_Low","Active_Low","1"
"farrow_add_32","Bypass","false","false","1"
"farrow_add_32","Bypass_CE_Priority","CE_Overrides_Bypass","CE_Overrides_Bypass","1"
"farrow_add_32","Bypass_Sense","Active_High","Active_High","1"
"farrow_add_32","CE","false","false","1"
"farrow_add_32","C_In","false","false","1"
"farrow_add_32","C_Out","false","false","1"
"farrow_add_32","Component_Name","farrow_add_32","farrow_add_32","1"
"farrow_add_32","Implementation","Fabric","Fabric","1"
"farrow_add_32","Latency","1","1","1"
"farrow_add_32","Latency_Configuration","Manual","Manual","1"
"farrow_add_32","Out_Width","32","32","1"
"farrow_add_32","SCLR","true","true","1"
"farrow_add_32","SINIT","false","false","1"
"farrow_add_32","SINIT_Value","0","0","1"
"farrow_add_32","SSET","false","false","1"
"farrow_add_32","Sync_CE_Priority","Sync_Overrides_CE","Sync_Overrides_CE","1"
"farrow_add_32","Sync_Ctrl_Priority","Reset_Overrides_Set","Reset_Overrides_Set","1"
"farrow_mul_h16","CcmImp","Distributed_Memory","Distributed_Memory","1"
"farrow_mul_h16","ClockEnable","false","false","1"
"farrow_mul_h16","Component_Name","farrow_mul_h16","farrow_mul_h16","1"
"farrow_mul_h16","ConstValue","129","129","1"
"farrow_mul_h16","InternalUser","0","0","1"
"farrow_mul_h16","MultType","Parallel_Multiplier","Parallel_Multiplier","1"
"farrow_mul_h16","Multiplier_Construction","Use_Mults","Use_Mults","1"
"farrow_mul_h16","OptGoal","Speed","Speed","1"
"farrow_mul_h16","OutputWidthHigh","26","26","1"
"farrow_mul_h16","OutputWidthLow","0","0","1"
"farrow_mul_h16","PipeStages","3","3","1"
"farrow_mul_h16","PortAType","Signed","Signed","1"
"farrow_mul_h16","PortAWidth","19","19","1"
"farrow_mul_h16","PortBType","Unsigned","Unsigned","1"
"farrow_mul_h16","PortBWidth","8","8","1"
"farrow_mul_h16","RoundPoint","0","0","1"
"farrow_mul_h16","SclrCePriority","SCLR_Overrides_CE","SCLR_Overrides_CE","1"
"farrow_mul_h16","SyncClear","true","true","1"
"farrow_mul_h16","UseRounding","false","false","1"
"farrow_mul_h16","Use_Custom_Output_Width","false","false","1"
"farrow_mul_h16","ZeroDetect","false","false","1"
"farrow_mul_t16","CcmImp","Distributed_Memory","Distributed_Memory","1"
"farrow_mul_t16","ClockEnable","false","false","1"
"farrow_mul_t16","Component_Name","farrow_mul_t16","farrow_mul_t16","1"
"farrow_mul_t16","ConstValue","129","129","1"
"farrow_mul_t16","InternalUser","0","0","1"
"farrow_mul_t16","MultType","Parallel_Multiplier","Parallel_Multiplier","1"
"farrow_mul_t16","Multiplier_Construction","Use_Mults","Use_Mults","1"
"farrow_mul_t16","OptGoal","Speed","Speed","1"
"farrow_mul_t16","OutputWidthHigh","26","26","1"
"farrow_mul_t16","OutputWidthLow","0","0","1"
"farrow_mul_t16","PipeStages","3","3","1"
"farrow_mul_t16","PortAType","Signed","Signed","1"
"farrow_mul_t16","PortAWidth","17","17","1"
"farrow_mul_t16","PortBType","Unsigned","Unsigned","1"
"farrow_mul_t16","PortBWidth","10","10","1"
"farrow_mul_t16","RoundPoint","0","0","1"
"farrow_mul_t16","SclrCePriority","SCLR_Overrides_CE","SCLR_Overrides_CE","1"
"farrow_mul_t16","SyncClear","true","true","1"
"farrow_mul_t16","UseRounding","false","false","1"
"farrow_mul_t16","Use_Custom_Output_Width","false","false","1"
"farrow_mul_t16","ZeroDetect","false","false","1"
"t03_xfft_16384_aux","Component_Name","t03_xfft_16384_aux","t03_xfft_16384_aux","1"
"t03_xfft_16384_aux","aclken","false","false","1"
"t03_xfft_16384_aux","aresetn","true","true","1"
"t03_xfft_16384_aux","butterfly_type","use_luts","use_luts","1"
"t03_xfft_16384_aux","channels","1","1","1"
"t03_xfft_16384_aux","complex_mult_type","use_mults_resources","use_mults_resources","1"
"t03_xfft_16384_aux","cyclic_prefix_insertion","false","false","1"
"t03_xfft_16384_aux","data_format","fixed_point","fixed_point","1"
"t03_xfft_16384_aux","implementation_options","pipelined_streaming_io","pipelined_streaming_io","1"
"t03_xfft_16384_aux","input_width","16","16","1"
"t03_xfft_16384_aux","memory_options_data","block_ram","block_ram","1"
"t03_xfft_16384_aux","memory_options_hybrid","false","false","1"
"t03_xfft_16384_aux","memory_options_phase_factors","block_ram","block_ram","1"
"t03_xfft_16384_aux","memory_options_reorder","block_ram","block_ram","1"
"t03_xfft_16384_aux","number_of_stages_using_block_ram_for_data_and_phase_factors","7","7","1"
"t03_xfft_16384_aux","output_ordering","natural_order","natural_order","1"
"t03_xfft_16384_aux","ovflo","true","true","1"
"t03_xfft_16384_aux","phase_factor_width","16","16","1"
"t03_xfft_16384_aux","rounding_modes","convergent_rounding","convergent_rounding","1"
"t03_xfft_16384_aux","run_time_configurable_transform_length","true","true","1"
"t03_xfft_16384_aux","scaling_options","scaled","scaled","1"
"t03_xfft_16384_aux","target_clock_frequency","500","500","1"
"t03_xfft_16384_aux","target_data_throughput","50","50","1"
"t03_xfft_16384_aux","throttle_scheme","realtime","realtime","1"
"t03_xfft_16384_aux","transform_length","16384","16384","1"
"t03_xfft_16384_aux","xk_index","false","false","1"
"t03_xfft_2048_main","Component_Name","t03_xfft_2048_main","t03_xfft_2048_main","1"
"t03_xfft_2048_main","aclken","false","false","1"
"t03_xfft_2048_main","aresetn","true","true","1"
"t03_xfft_2048_main","butterfly_type","use_luts","use_luts","1"
"t03_xfft_2048_main","channels","1","1","1"
"t03_xfft_2048_main","complex_mult_type","use_mults_resources","use_mults_resources","1"
"t03_xfft_2048_main","cyclic_prefix_insertion","false","false","1"
"t03_xfft_2048_main","data_format","fixed_point","fixed_point","1"
"t03_xfft_2048_main","implementation_options","pipelined_streaming_io","pipelined_streaming_io","1"
"t03_xfft_2048_main","input_width","16","16","1"
"t03_xfft_2048_main","memory_options_data","block_ram","block_ram","1"
"t03_xfft_2048_main","memory_options_hybrid","false","false","1"
"t03_xfft_2048_main","memory_options_phase_factors","block_ram","block_ram","1"
"t03_xfft_2048_main","memory_options_reorder","block_ram","block_ram","1"
"t03_xfft_2048_main","number_of_stages_using_block_ram_for_data_and_phase_factors","4","4","1"
"t03_xfft_2048_main","output_ordering","natural_order","natural_order","1"
"t03_xfft_2048_main","ovflo","true","true","1"
"t03_xfft_2048_main","phase_factor_width","16","16","1"
"t03_xfft_2048_main","rounding_modes","convergent_rounding","convergent_rounding","1"
"t03_xfft_2048_main","run_time_configurable_transform_length","false","false","1"
"t03_xfft_2048_main","scaling_options","scaled","scaled","1"
"t03_xfft_2048_main","target_clock_frequency","500","500","1"
"t03_xfft_2048_main","target_data_throughput","50","50","1"
"t03_xfft_2048_main","throttle_scheme","realtime","realtime","1"
"t03_xfft_2048_main","transform_length","2048","2048","1"
"t03_xfft_2048_main","xk_index","false","false","1"
"t04_cmpy_17x16","ACLKEN","false","false","1"
"t04_cmpy_17x16","APortWidth","17","17","1"
"t04_cmpy_17x16","ARESETN","false","false","1"
"t04_cmpy_17x16","ATUSERWidth","1","1","1"
"t04_cmpy_17x16","BPortWidth","16","16","1"
"t04_cmpy_17x16","BTUSERWidth","1","1","1"
"t04_cmpy_17x16","CTRLTUSERWidth","1","1","1"
"t04_cmpy_17x16","Component_Name","t04_cmpy_17x16","t04_cmpy_17x16","1"
"t04_cmpy_17x16","FlowControl","NonBlocking","NonBlocking","1"
"t04_cmpy_17x16","HasATLAST","false","false","1"
"t04_cmpy_17x16","HasATUSER","false","false","1"
"t04_cmpy_17x16","HasBTLAST","false","false","1"
"t04_cmpy_17x16","HasBTUSER","false","false","1"
"t04_cmpy_17x16","HasCTRLTLAST","false","false","1"
"t04_cmpy_17x16","HasCTRLTUSER","false","false","1"
"t04_cmpy_17x16","LatencyConfig","Automatic","Automatic","1"
"t04_cmpy_17x16","MinimumLatency","4","4","1"
"t04_cmpy_17x16","MultType","Use_Mults","Use_Mults","1"
"t04_cmpy_17x16","OptimizeGoal","Performance","Performance","1"
"t04_cmpy_17x16","OutTLASTBehv","Null","Null","1"
"t04_cmpy_17x16","OutputWidth","34","34","1"
"t04_cmpy_17x16","RoundMode","Truncate","Truncate","1"
"t04_div_u63_u47","ACLKEN","false","false","1"
"t04_div_u63_u47","ARESETN","true","true","1"
"t04_div_u63_u47","Component_Name","t04_div_u63_u47","t04_div_u63_u47","1"
"t04_div_u63_u47","FlowControl","NonBlocking","NonBlocking","1"
"t04_div_u63_u47","OptimizeGoal","Performance","Performance","1"
"t04_div_u63_u47","OutTLASTBehv","Null","Null","1"
"t04_div_u63_u47","OutTready","false","false","1"
"t04_div_u63_u47","algorithm_type","Radix2","Radix2","1"
"t04_div_u63_u47","clocks_per_division","8","8","1"
"t04_div_u63_u47","divide_by_zero_detect","true","true","1"
"t04_div_u63_u47","dividend_and_quotient_width","63","63","1"
"t04_div_u63_u47","dividend_has_tlast","false","false","1"
"t04_div_u63_u47","dividend_has_tuser","false","false","1"
"t04_div_u63_u47","dividend_tuser_width","1","1","1"
"t04_div_u63_u47","divisor_has_tlast","false","false","1"
"t04_div_u63_u47","divisor_has_tuser","false","false","1"
"t04_div_u63_u47","divisor_tuser_width","1","1","1"
"t04_div_u63_u47","divisor_width","47","47","1"
"t04_div_u63_u47","fractional_width","47","47","1"
"t04_div_u63_u47","latency","66","66","1"
"t04_div_u63_u47","latency_configuration","Automatic","Automatic","1"
"t04_div_u63_u47","operand_sign","Unsigned","Unsigned","1"
"t04_div_u63_u47","remainder_type","Remainder","Remainder","1"
"t05_cmpy_rotate_18x18","ACLKEN","false","false","1"
"t05_cmpy_rotate_18x18","APortWidth","18","18","1"
"t05_cmpy_rotate_18x18","ARESETN","false","false","1"
"t05_cmpy_rotate_18x18","ATUSERWidth","1","1","1"
"t05_cmpy_rotate_18x18","BPortWidth","18","18","1"
"t05_cmpy_rotate_18x18","BTUSERWidth","1","1","1"
"t05_cmpy_rotate_18x18","CTRLTUSERWidth","1","1","1"
"t05_cmpy_rotate_18x18","Component_Name","t05_cmpy_rotate_18x18","t05_cmpy_rotate_18x18","1"
"t05_cmpy_rotate_18x18","FlowControl","NonBlocking","NonBlocking","1"
"t05_cmpy_rotate_18x18","HasATLAST","false","false","1"
"t05_cmpy_rotate_18x18","HasATUSER","false","false","1"
"t05_cmpy_rotate_18x18","HasBTLAST","false","false","1"
"t05_cmpy_rotate_18x18","HasBTUSER","false","false","1"
"t05_cmpy_rotate_18x18","HasCTRLTLAST","false","false","1"
"t05_cmpy_rotate_18x18","HasCTRLTUSER","false","false","1"
"t05_cmpy_rotate_18x18","LatencyConfig","Automatic","Automatic","1"
"t05_cmpy_rotate_18x18","MinimumLatency","4","4","1"
"t05_cmpy_rotate_18x18","MultType","Use_Mults","Use_Mults","1"
"t05_cmpy_rotate_18x18","OptimizeGoal","Performance","Performance","1"
"t05_cmpy_rotate_18x18","OutTLASTBehv","Null","Null","1"
"t05_cmpy_rotate_18x18","OutputWidth","37","37","1"
"t05_cmpy_rotate_18x18","RoundMode","Truncate","Truncate","1"
"t05_mult_cfo_s19_const40_full59","CcmImp","Distributed_Memory","Distributed_Memory","1"
"t05_mult_cfo_s19_const40_full59","ClockEnable","false","false","1"
"t05_mult_cfo_s19_const40_full59","Component_Name","t05_mult_cfo_s19_const40_full59","t05_mult_cfo_s19_const40_full59","1"
"t05_mult_cfo_s19_const40_full59","ConstValue","129","129","1"
"t05_mult_cfo_s19_const40_full59","InternalUser","0","0","1"
"t05_mult_cfo_s19_const40_full59","MultType","Parallel_Multiplier","Parallel_Multiplier","1"
"t05_mult_cfo_s19_const40_full59","Multiplier_Construction","Use_Mults","Use_Mults","1"
"t05_mult_cfo_s19_const40_full59","OptGoal","Speed","Speed","1"
"t05_mult_cfo_s19_const40_full59","OutputWidthHigh","58","58","1"
"t05_mult_cfo_s19_const40_full59","OutputWidthLow","0","0","1"
"t05_mult_cfo_s19_const40_full59","PipeStages","6","6","1"
"t05_mult_cfo_s19_const40_full59","PortAType","Signed","Signed","1"
"t05_mult_cfo_s19_const40_full59","PortAWidth","19","19","1"
"t05_mult_cfo_s19_const40_full59","PortBType","Signed","Signed","1"
"t05_mult_cfo_s19_const40_full59","PortBWidth","40","40","1"
"t05_mult_cfo_s19_const40_full59","RoundPoint","0","0","1"
"t05_mult_cfo_s19_const40_full59","SclrCePriority","SCLR_Overrides_CE","SCLR_Overrides_CE","1"
"t05_mult_cfo_s19_const40_full59","SyncClear","false","false","1"
"t05_mult_cfo_s19_const40_full59","UseRounding","false","false","1"
"t05_mult_cfo_s19_const40_full59","Use_Custom_Output_Width","false","false","1"
"t05_mult_cfo_s19_const40_full59","ZeroDetect","false","false","1"
"t06_cordic_translate48_parallel","ACLKEN","false","false","1"
"t06_cordic_translate48_parallel","ARESETN","true","true","1"
"t06_cordic_translate48_parallel","Architectural_Configuration","Parallel","Parallel","1"
"t06_cordic_translate48_parallel","Coarse_Rotation","true","true","1"
"t06_cordic_translate48_parallel","Compensation_Scaling","LUT_based","LUT_based","1"
"t06_cordic_translate48_parallel","Component_Name","t06_cordic_translate48_parallel","t06_cordic_translate48_parallel","1"
"t06_cordic_translate48_parallel","Data_Format","SignedFraction","SignedFraction","1"
"t06_cordic_translate48_parallel","Functional_Selection","Translate","Translate","1"
"t06_cordic_translate48_parallel","Input_Width","48","48","1"
"t06_cordic_translate48_parallel","Iterations","0","0","1"
"t06_cordic_translate48_parallel","Output_Width","48","48","1"
"t06_cordic_translate48_parallel","Phase_Format","Scaled_Radians","Scaled_Radians","1"
"t06_cordic_translate48_parallel","Pipelining_Mode","Maximum","Maximum","1"
"t06_cordic_translate48_parallel","Precision","0","0","1"
"t06_cordic_translate48_parallel","Round_Mode","Nearest_Even","Nearest_Even","1"
"t06_cordic_translate48_parallel","cartesian_has_tlast","false","false","1"
"t06_cordic_translate48_parallel","cartesian_has_tuser","false","false","1"
"t06_cordic_translate48_parallel","cartesian_tuser_width","1","1","1"
"t06_cordic_translate48_parallel","flow_control","NonBlocking","NonBlocking","1"
"t06_cordic_translate48_parallel","optimize_goal","Performance","Performance","1"
"t06_cordic_translate48_parallel","out_tlast_behv","Null","Null","1"
"t06_cordic_translate48_parallel","out_tready","false","false","1"
"t06_cordic_translate48_parallel","phase_has_tlast","false","false","1"
"t06_cordic_translate48_parallel","phase_has_tuser","false","false","1"
"t06_cordic_translate48_parallel","phase_tuser_width","1","1","1"
"t06_dds_phase_s32_sincos18","Amplitude_Mode","Full_Range","Full_Range","1"
"t06_dds_phase_s32_sincos18","Channels","1","1","1"
"t06_dds_phase_s32_sincos18","Component_Name","t06_dds_phase_s32_sincos18","t06_dds_phase_s32_sincos18","1"
"t06_dds_phase_s32_sincos18","DATA_Has_TLAST","Not_Required","Not_Required","1"
"t06_dds_phase_s32_sincos18","DDS_Clock_Rate","125","125","1"
"t06_dds_phase_s32_sincos18","DSP48_Use","Minimal","Minimal","1"
"t06_dds_phase_s32_sincos18","Frequency_Resolution","0.4","0.4","1"
"t06_dds_phase_s32_sincos18","GUI_Behaviour","Coregen","Coregen","1"
"t06_dds_phase_s32_sincos18","Has_ACLKEN","false","false","1"
"t06_dds_phase_s32_sincos18","Has_ARESETn","true","true","1"
"t06_dds_phase_s32_sincos18","Has_Phase_Out","false","false","1"
"t06_dds_phase_s32_sincos18","Has_TREADY","true","true","1"
"t06_dds_phase_s32_sincos18","Latency","17","17","1"
"t06_dds_phase_s32_sincos18","Latency_Configuration","Auto","Auto","1"
"t06_dds_phase_s32_sincos18","M_DATA_Has_TUSER","User_Field","User_Field","1"
"t06_dds_phase_s32_sincos18","M_PHASE_Has_TUSER","Not_Required","Not_Required","1"
"t06_dds_phase_s32_sincos18","Memory_Type","Auto","Auto","1"
"t06_dds_phase_s32_sincos18","Mode_of_Operation","Standard","Standard","1"
"t06_dds_phase_s32_sincos18","Modulus","9","9","1"
"t06_dds_phase_s32_sincos18","Negative_Cosine","false","false","1"
"t06_dds_phase_s32_sincos18","Negative_Sine","false","false","1"
"t06_dds_phase_s32_sincos18","Noise_Shaping","Taylor_Series_Corrected","Taylor_Series_Corrected","1"
"t06_dds_phase_s32_sincos18","OUTPUT_FORM","Twos_Complement","Twos_Complement","1"
"t06_dds_phase_s32_sincos18","Optimization_Goal","Speed","Speed","1"
"t06_dds_phase_s32_sincos18","Output_Frequency1","0","0","1"
"t06_dds_phase_s32_sincos18","Output_Frequency10","0","0","1"
"t06_dds_phase_s32_sincos18","Output_Frequency11","0","0","1"
"t06_dds_phase_s32_sincos18","Output_Frequency12","0","0","1"
"t06_dds_phase_s32_sincos18","Output_Frequency13","0","0","1"
"t06_dds_phase_s32_sincos18","Output_Frequency14","0","0","1"
"t06_dds_phase_s32_sincos18","Output_Frequency15","0","0","1"
"t06_dds_phase_s32_sincos18","Output_Frequency16","0","0","1"
"t06_dds_phase_s32_sincos18","Output_Frequency2","0","0","1"
"t06_dds_phase_s32_sincos18","Output_Frequency3","0","0","1"
"t06_dds_phase_s32_sincos18","Output_Frequency4","0","0","1"
"t06_dds_phase_s32_sincos18","Output_Frequency5","0","0","1"
"t06_dds_phase_s32_sincos18","Output_Frequency6","0","0","1"
"t06_dds_phase_s32_sincos18","Output_Frequency7","0","0","1"
"t06_dds_phase_s32_sincos18","Output_Frequency8","0","0","1"
"t06_dds_phase_s32_sincos18","Output_Frequency9","0","0","1"
"t06_dds_phase_s32_sincos18","Output_Selection","Sine_and_Cosine","Sine_and_Cosine","1"
"t06_dds_phase_s32_sincos18","Output_Width","18","18","1"
"t06_dds_phase_s32_sincos18","PINC1","0","0","1"
"t06_dds_phase_s32_sincos18","PINC10","0","0","1"
"t06_dds_phase_s32_sincos18","PINC11","0","0","1"
"t06_dds_phase_s32_sincos18","PINC12","0","0","1"
"t06_dds_phase_s32_sincos18","PINC13","0","0","1"
"t06_dds_phase_s32_sincos18","PINC14","0","0","1"
"t06_dds_phase_s32_sincos18","PINC15","0","0","1"
"t06_dds_phase_s32_sincos18","PINC16","0","0","1"
"t06_dds_phase_s32_sincos18","PINC2","0","0","1"
"t06_dds_phase_s32_sincos18","PINC3","0","0","1"
"t06_dds_phase_s32_sincos18","PINC4","0","0","1"
"t06_dds_phase_s32_sincos18","PINC5","0","0","1"
"t06_dds_phase_s32_sincos18","PINC6","0","0","1"
"t06_dds_phase_s32_sincos18","PINC7","0","0","1"
"t06_dds_phase_s32_sincos18","PINC8","0","0","1"
"t06_dds_phase_s32_sincos18","PINC9","0","0","1"
"t06_dds_phase_s32_sincos18","POFF1","0","0","1"
"t06_dds_phase_s32_sincos18","POFF10","0","0","1"
"t06_dds_phase_s32_sincos18","POFF11","0","0","1"
"t06_dds_phase_s32_sincos18","POFF12","0","0","1"
"t06_dds_phase_s32_sincos18","POFF13","0","0","1"
"t06_dds_phase_s32_sincos18","POFF14","0","0","1"
"t06_dds_phase_s32_sincos18","POFF15","0","0","1"
"t06_dds_phase_s32_sincos18","POFF16","0","0","1"
"t06_dds_phase_s32_sincos18","POFF2","0","0","1"
"t06_dds_phase_s32_sincos18","POFF3","0","0","1"
"t06_dds_phase_s32_sincos18","POFF4","0","0","1"
"t06_dds_phase_s32_sincos18","POFF5","0","0","1"
"t06_dds_phase_s32_sincos18","POFF6","0","0","1"
"t06_dds_phase_s32_sincos18","POFF7","0","0","1"
"t06_dds_phase_s32_sincos18","POFF8","0","0","1"
"t06_dds_phase_s32_sincos18","POFF9","0","0","1"
"t06_dds_phase_s32_sincos18","POR_mode","false","false","1"
"t06_dds_phase_s32_sincos18","Parameter_Entry","Hardware_Parameters","Hardware_Parameters","1"
"t06_dds_phase_s32_sincos18","PartsPresent","Phase_Generator_and_SIN_COS_LUT","Phase_Generator_and_SIN_COS_LUT","1"
"t06_dds_phase_s32_sincos18","Phase_Increment","Fixed","Fixed","1"
"t06_dds_phase_s32_sincos18","Phase_Offset_Angles1","0","0","1"
"t06_dds_phase_s32_sincos18","Phase_Offset_Angles10","0","0","1"
"t06_dds_phase_s32_sincos18","Phase_Offset_Angles11","0","0","1"
"t06_dds_phase_s32_sincos18","Phase_Offset_Angles12","0","0","1"
"t06_dds_phase_s32_sincos18","Phase_Offset_Angles13","0","0","1"
"t06_dds_phase_s32_sincos18","Phase_Offset_Angles14","0","0","1"
"t06_dds_phase_s32_sincos18","Phase_Offset_Angles15","0","0","1"
"t06_dds_phase_s32_sincos18","Phase_Offset_Angles16","0","0","1"
"t06_dds_phase_s32_sincos18","Phase_Offset_Angles2","0","0","1"
"t06_dds_phase_s32_sincos18","Phase_Offset_Angles3","0","0","1"
"t06_dds_phase_s32_sincos18","Phase_Offset_Angles4","0","0","1"
"t06_dds_phase_s32_sincos18","Phase_Offset_Angles5","0","0","1"
"t06_dds_phase_s32_sincos18","Phase_Offset_Angles6","0","0","1"
"t06_dds_phase_s32_sincos18","Phase_Offset_Angles7","0","0","1"
"t06_dds_phase_s32_sincos18","Phase_Offset_Angles8","0","0","1"
"t06_dds_phase_s32_sincos18","Phase_Offset_Angles9","0","0","1"
"t06_dds_phase_s32_sincos18","Phase_Width","32","32","1"
"t06_dds_phase_s32_sincos18","Phase_offset","Streaming","Streaming","1"
"t06_dds_phase_s32_sincos18","Resync","false","false","1"
"t06_dds_phase_s32_sincos18","S_CONFIG_Sync_Mode","On_Vector","On_Vector","1"
"t06_dds_phase_s32_sincos18","S_PHASE_Has_TUSER","User_Field","User_Field","1"
"t06_dds_phase_s32_sincos18","S_PHASE_TUSER_Width","33","33","1"
"t06_dds_phase_s32_sincos18","Spurious_Free_Dynamic_Range","45","45","1"
"t06_dds_phase_s32_sincos18","explicit_period","false","false","1"
"t06_dds_phase_s32_sincos18","period","1","1","1"
"t06_fs_mult_s29_s11","CcmImp","Distributed_Memory","Distributed_Memory","1"
"t06_fs_mult_s29_s11","ClockEnable","false","false","1"
"t06_fs_mult_s29_s11","Component_Name","t06_fs_mult_s29_s11","t06_fs_mult_s29_s11","1"
"t06_fs_mult_s29_s11","ConstValue","129","129","1"
"t06_fs_mult_s29_s11","InternalUser","0","0","1"
"t06_fs_mult_s29_s11","MultType","Parallel_Multiplier","Parallel_Multiplier","1"
"t06_fs_mult_s29_s11","Multiplier_Construction","Use_Mults","Use_Mults","1"
"t06_fs_mult_s29_s11","OptGoal","Speed","Speed","1"
"t06_fs_mult_s29_s11","OutputWidthHigh","39","39","1"
"t06_fs_mult_s29_s11","OutputWidthLow","0","0","1"
"t06_fs_mult_s29_s11","PipeStages","3","3","1"
"t06_fs_mult_s29_s11","PortAType","Signed","Signed","1"
"t06_fs_mult_s29_s11","PortAWidth","29","29","1"
"t06_fs_mult_s29_s11","PortBType","Signed","Signed","1"
"t06_fs_mult_s29_s11","PortBWidth","11","11","1"
"t06_fs_mult_s29_s11","RoundPoint","0","0","1"
"t06_fs_mult_s29_s11","SclrCePriority","SCLR_Overrides_CE","SCLR_Overrides_CE","1"
"t06_fs_mult_s29_s11","SyncClear","true","true","1"
"t06_fs_mult_s29_s11","UseRounding","false","false","1"
"t06_fs_mult_s29_s11","Use_Custom_Output_Width","false","false","1"
"t06_fs_mult_s29_s11","ZeroDetect","false","false","1"
"t06_fs_mult_s29_s48","CcmImp","Distributed_Memory","Distributed_Memory","1"
"t06_fs_mult_s29_s48","ClockEnable","false","false","1"
"t06_fs_mult_s29_s48","Component_Name","t06_fs_mult_s29_s48","t06_fs_mult_s29_s48","1"
"t06_fs_mult_s29_s48","ConstValue","129","129","1"
"t06_fs_mult_s29_s48","InternalUser","0","0","1"
"t06_fs_mult_s29_s48","MultType","Parallel_Multiplier","Parallel_Multiplier","1"
"t06_fs_mult_s29_s48","Multiplier_Construction","Use_Mults","Use_Mults","1"
"t06_fs_mult_s29_s48","OptGoal","Speed","Speed","1"
"t06_fs_mult_s29_s48","OutputWidthHigh","76","76","1"
"t06_fs_mult_s29_s48","OutputWidthLow","0","0","1"
"t06_fs_mult_s29_s48","PipeStages","3","3","1"
"t06_fs_mult_s29_s48","PortAType","Signed","Signed","1"
"t06_fs_mult_s29_s48","PortAWidth","29","29","1"
"t06_fs_mult_s29_s48","PortBType","Signed","Signed","1"
"t06_fs_mult_s29_s48","PortBWidth","48","48","1"
"t06_fs_mult_s29_s48","RoundPoint","0","0","1"
"t06_fs_mult_s29_s48","SclrCePriority","SCLR_Overrides_CE","SCLR_Overrides_CE","1"
"t06_fs_mult_s29_s48","SyncClear","true","true","1"
"t06_fs_mult_s29_s48","UseRounding","false","false","1"
"t06_fs_mult_s29_s48","Use_Custom_Output_Width","false","false","1"
"t06_fs_mult_s29_s48","ZeroDetect","false","false","1"
"t06_fs_mult_u18_s11","CcmImp","Distributed_Memory","Distributed_Memory","1"
"t06_fs_mult_u18_s11","ClockEnable","false","false","1"
"t06_fs_mult_u18_s11","Component_Name","t06_fs_mult_u18_s11","t06_fs_mult_u18_s11","1"
"t06_fs_mult_u18_s11","ConstValue","129","129","1"
"t06_fs_mult_u18_s11","InternalUser","0","0","1"
"t06_fs_mult_u18_s11","MultType","Parallel_Multiplier","Parallel_Multiplier","1"
"t06_fs_mult_u18_s11","Multiplier_Construction","Use_Mults","Use_Mults","1"
"t06_fs_mult_u18_s11","OptGoal","Speed","Speed","1"
"t06_fs_mult_u18_s11","OutputWidthHigh","28","28","1"
"t06_fs_mult_u18_s11","OutputWidthLow","0","0","1"
"t06_fs_mult_u18_s11","PipeStages","3","3","1"
"t06_fs_mult_u18_s11","PortAType","Unsigned","Unsigned","1"
"t06_fs_mult_u18_s11","PortAWidth","18","18","1"
"t06_fs_mult_u18_s11","PortBType","Signed","Signed","1"
"t06_fs_mult_u18_s11","PortBWidth","11","11","1"
"t06_fs_mult_u18_s11","RoundPoint","0","0","1"
"t06_fs_mult_u18_s11","SclrCePriority","SCLR_Overrides_CE","SCLR_Overrides_CE","1"
"t06_fs_mult_u18_s11","SyncClear","true","true","1"
"t06_fs_mult_u18_s11","UseRounding","false","false","1"
"t06_fs_mult_u18_s11","Use_Custom_Output_Width","false","false","1"
"t06_fs_mult_u18_s11","ZeroDetect","false","false","1"
"t06_fs_mult_u18_s48","CcmImp","Distributed_Memory","Distributed_Memory","1"
"t06_fs_mult_u18_s48","ClockEnable","false","false","1"
"t06_fs_mult_u18_s48","Component_Name","t06_fs_mult_u18_s48","t06_fs_mult_u18_s48","1"
"t06_fs_mult_u18_s48","ConstValue","129","129","1"
"t06_fs_mult_u18_s48","InternalUser","0","0","1"
"t06_fs_mult_u18_s48","MultType","Parallel_Multiplier","Parallel_Multiplier","1"
"t06_fs_mult_u18_s48","Multiplier_Construction","Use_Mults","Use_Mults","1"
"t06_fs_mult_u18_s48","OptGoal","Speed","Speed","1"
"t06_fs_mult_u18_s48","OutputWidthHigh","65","65","1"
"t06_fs_mult_u18_s48","OutputWidthLow","0","0","1"
"t06_fs_mult_u18_s48","PipeStages","3","3","1"
"t06_fs_mult_u18_s48","PortAType","Unsigned","Unsigned","1"
"t06_fs_mult_u18_s48","PortAWidth","18","18","1"
"t06_fs_mult_u18_s48","PortBType","Signed","Signed","1"
"t06_fs_mult_u18_s48","PortBWidth","48","48","1"
"t06_fs_mult_u18_s48","RoundPoint","0","0","1"
"t06_fs_mult_u18_s48","SclrCePriority","SCLR_Overrides_CE","SCLR_Overrides_CE","1"
"t06_fs_mult_u18_s48","SyncClear","true","true","1"
"t06_fs_mult_u18_s48","UseRounding","false","false","1"
"t06_fs_mult_u18_s48","Use_Custom_Output_Width","false","false","1"
"t06_fs_mult_u18_s48","ZeroDetect","false","false","1"
"t06_observation_engine_square","CcmImp","Distributed_Memory","Distributed_Memory","1"
"t06_observation_engine_square","ClockEnable","false","false","1"
"t06_observation_engine_square","Component_Name","t06_observation_engine_square","t06_observation_engine_square","1"
"t06_observation_engine_square","ConstValue","129","129","1"
"t06_observation_engine_square","InternalUser","0","0","1"
"t06_observation_engine_square","MultType","Parallel_Multiplier","Parallel_Multiplier","1"
"t06_observation_engine_square","Multiplier_Construction","Use_Mults","Use_Mults","1"
"t06_observation_engine_square","OptGoal","Speed","Speed","1"
"t06_observation_engine_square","OutputWidthHigh","31","31","1"
"t06_observation_engine_square","OutputWidthLow","0","0","1"
"t06_observation_engine_square","PipeStages","3","3","1"
"t06_observation_engine_square","PortAType","Signed","Signed","1"
"t06_observation_engine_square","PortAWidth","16","16","1"
"t06_observation_engine_square","PortBType","Signed","Signed","1"
"t06_observation_engine_square","PortBWidth","16","16","1"
"t06_observation_engine_square","RoundPoint","0","0","1"
"t06_observation_engine_square","SclrCePriority","SCLR_Overrides_CE","SCLR_Overrides_CE","1"
"t06_observation_engine_square","SyncClear","false","false","1"
"t06_observation_engine_square","UseRounding","false","false","1"
"t06_observation_engine_square","Use_Custom_Output_Width","false","false","1"
"t06_observation_engine_square","ZeroDetect","false","false","1"
"t06_observation_engine_weight_product","CcmImp","Distributed_Memory","Distributed_Memory","1"
"t06_observation_engine_weight_product","ClockEnable","false","false","1"
"t06_observation_engine_weight_product","Component_Name","t06_observation_engine_weight_product","t06_observation_engine_weight_product","1"
"t06_observation_engine_weight_product","ConstValue","129","129","1"
"t06_observation_engine_weight_product","InternalUser","0","0","1"
"t06_observation_engine_weight_product","MultType","Parallel_Multiplier","Parallel_Multiplier","1"
"t06_observation_engine_weight_product","Multiplier_Construction","Use_Mults","Use_Mults","1"
"t06_observation_engine_weight_product","OptGoal","Speed","Speed","1"
"t06_observation_engine_weight_product","OutputWidthHigh","63","63","1"
"t06_observation_engine_weight_product","OutputWidthLow","0","0","1"
"t06_observation_engine_weight_product","PipeStages","4","4","1"
"t06_observation_engine_weight_product","PortAType","Unsigned","Unsigned","1"
"t06_observation_engine_weight_product","PortAWidth","32","32","1"
"t06_observation_engine_weight_product","PortBType","Unsigned","Unsigned","1"
"t06_observation_engine_weight_product","PortBWidth","32","32","1"
"t06_observation_engine_weight_product","RoundPoint","0","0","1"
"t06_observation_engine_weight_product","SclrCePriority","SCLR_Overrides_CE","SCLR_Overrides_CE","1"
"t06_observation_engine_weight_product","SyncClear","false","false","1"
"t06_observation_engine_weight_product","UseRounding","false","false","1"
"t06_observation_engine_weight_product","Use_Custom_Output_Width","false","false","1"
"t06_observation_engine_weight_product","ZeroDetect","false","false","1"
"t06_pair_max_tracker_2lane_cross","CcmImp","Distributed_Memory","Distributed_Memory","1"
"t06_pair_max_tracker_2lane_cross","ClockEnable","false","false","1"
"t06_pair_max_tracker_2lane_cross","Component_Name","t06_pair_max_tracker_2lane_cross","t06_pair_max_tracker_2lane_cross","1"
"t06_pair_max_tracker_2lane_cross","ConstValue","129","129","1"
"t06_pair_max_tracker_2lane_cross","InternalUser","0","0","1"
"t06_pair_max_tracker_2lane_cross","MultType","Parallel_Multiplier","Parallel_Multiplier","1"
"t06_pair_max_tracker_2lane_cross","Multiplier_Construction","Use_Mults","Use_Mults","1"
"t06_pair_max_tracker_2lane_cross","OptGoal","Speed","Speed","1"
"t06_pair_max_tracker_2lane_cross","OutputWidthHigh","96","96","1"
"t06_pair_max_tracker_2lane_cross","OutputWidthLow","0","0","1"
"t06_pair_max_tracker_2lane_cross","PipeStages","4","4","1"
"t06_pair_max_tracker_2lane_cross","PortAType","Unsigned","Unsigned","1"
"t06_pair_max_tracker_2lane_cross","PortAWidth","64","64","1"
"t06_pair_max_tracker_2lane_cross","PortBType","Unsigned","Unsigned","1"
"t06_pair_max_tracker_2lane_cross","PortBWidth","33","33","1"
"t06_pair_max_tracker_2lane_cross","RoundPoint","0","0","1"
"t06_pair_max_tracker_2lane_cross","SclrCePriority","SCLR_Overrides_CE","SCLR_Overrides_CE","1"
"t06_pair_max_tracker_2lane_cross","SyncClear","false","false","1"
"t06_pair_max_tracker_2lane_cross","UseRounding","false","false","1"
"t06_pair_max_tracker_2lane_cross","Use_Custom_Output_Width","false","false","1"
"t06_pair_max_tracker_2lane_cross","ZeroDetect","false","false","1"
"t06_rt_mult_s41_s38","CcmImp","Distributed_Memory","Distributed_Memory","1"
"t06_rt_mult_s41_s38","ClockEnable","false","false","1"
"t06_rt_mult_s41_s38","Component_Name","t06_rt_mult_s41_s38","t06_rt_mult_s41_s38","1"
"t06_rt_mult_s41_s38","ConstValue","129","129","1"
"t06_rt_mult_s41_s38","InternalUser","0","0","1"
"t06_rt_mult_s41_s38","MultType","Parallel_Multiplier","Parallel_Multiplier","1"
"t06_rt_mult_s41_s38","Multiplier_Construction","Use_Mults","Use_Mults","1"
"t06_rt_mult_s41_s38","OptGoal","Speed","Speed","1"
"t06_rt_mult_s41_s38","OutputWidthHigh","78","78","1"
"t06_rt_mult_s41_s38","OutputWidthLow","0","0","1"
"t06_rt_mult_s41_s38","PipeStages","5","5","1"
"t06_rt_mult_s41_s38","PortAType","Signed","Signed","1"
"t06_rt_mult_s41_s38","PortAWidth","41","41","1"
"t06_rt_mult_s41_s38","PortBType","Signed","Signed","1"
"t06_rt_mult_s41_s38","PortBWidth","38","38","1"
"t06_rt_mult_s41_s38","RoundPoint","0","0","1"
"t06_rt_mult_s41_s38","SclrCePriority","SCLR_Overrides_CE","SCLR_Overrides_CE","1"
"t06_rt_mult_s41_s38","SyncClear","true","true","1"
"t06_rt_mult_s41_s38","UseRounding","false","false","1"
"t06_rt_mult_s41_s38","Use_Custom_Output_Width","false","false","1"
"t06_rt_mult_s41_s38","ZeroDetect","false","false","1"
"t06_rt_mult_s41_s41","CcmImp","Distributed_Memory","Distributed_Memory","1"
"t06_rt_mult_s41_s41","ClockEnable","false","false","1"
"t06_rt_mult_s41_s41","Component_Name","t06_rt_mult_s41_s41","t06_rt_mult_s41_s41","1"
"t06_rt_mult_s41_s41","ConstValue","129","129","1"
"t06_rt_mult_s41_s41","InternalUser","0","0","1"
"t06_rt_mult_s41_s41","MultType","Parallel_Multiplier","Parallel_Multiplier","1"
"t06_rt_mult_s41_s41","Multiplier_Construction","Use_Mults","Use_Mults","1"
"t06_rt_mult_s41_s41","OptGoal","Speed","Speed","1"
"t06_rt_mult_s41_s41","OutputWidthHigh","81","81","1"
"t06_rt_mult_s41_s41","OutputWidthLow","0","0","1"
"t06_rt_mult_s41_s41","PipeStages","5","5","1"
"t06_rt_mult_s41_s41","PortAType","Signed","Signed","1"
"t06_rt_mult_s41_s41","PortAWidth","41","41","1"
"t06_rt_mult_s41_s41","PortBType","Signed","Signed","1"
"t06_rt_mult_s41_s41","PortBWidth","41","41","1"
"t06_rt_mult_s41_s41","RoundPoint","0","0","1"
"t06_rt_mult_s41_s41","SclrCePriority","SCLR_Overrides_CE","SCLR_Overrides_CE","1"
"t06_rt_mult_s41_s41","SyncClear","true","true","1"
"t06_rt_mult_s41_s41","UseRounding","false","false","1"
"t06_rt_mult_s41_s41","Use_Custom_Output_Width","false","false","1"
"t06_rt_mult_s41_s41","ZeroDetect","false","false","1"
"t06_rt_mult_s41_u38","CcmImp","Distributed_Memory","Distributed_Memory","1"
"t06_rt_mult_s41_u38","ClockEnable","false","false","1"
"t06_rt_mult_s41_u38","Component_Name","t06_rt_mult_s41_u38","t06_rt_mult_s41_u38","1"
"t06_rt_mult_s41_u38","ConstValue","129","129","1"
"t06_rt_mult_s41_u38","InternalUser","0","0","1"
"t06_rt_mult_s41_u38","MultType","Parallel_Multiplier","Parallel_Multiplier","1"
"t06_rt_mult_s41_u38","Multiplier_Construction","Use_Mults","Use_Mults","1"
"t06_rt_mult_s41_u38","OptGoal","Speed","Speed","1"
"t06_rt_mult_s41_u38","OutputWidthHigh","78","78","1"
"t06_rt_mult_s41_u38","OutputWidthLow","0","0","1"
"t06_rt_mult_s41_u38","PipeStages","5","5","1"
"t06_rt_mult_s41_u38","PortAType","Signed","Signed","1"
"t06_rt_mult_s41_u38","PortAWidth","41","41","1"
"t06_rt_mult_s41_u38","PortBType","Unsigned","Unsigned","1"
"t06_rt_mult_s41_u38","PortBWidth","38","38","1"
"t06_rt_mult_s41_u38","RoundPoint","0","0","1"
"t06_rt_mult_s41_u38","SclrCePriority","SCLR_Overrides_CE","SCLR_Overrides_CE","1"
"t06_rt_mult_s41_u38","SyncClear","true","true","1"
"t06_rt_mult_s41_u38","UseRounding","false","false","1"
"t06_rt_mult_s41_u38","Use_Custom_Output_Width","false","false","1"
"t06_rt_mult_s41_u38","ZeroDetect","false","false","1"
"t06_rt_mult_u30_s42","CcmImp","Distributed_Memory","Distributed_Memory","1"
"t06_rt_mult_u30_s42","ClockEnable","false","false","1"
"t06_rt_mult_u30_s42","Component_Name","t06_rt_mult_u30_s42","t06_rt_mult_u30_s42","1"
"t06_rt_mult_u30_s42","ConstValue","129","129","1"
"t06_rt_mult_u30_s42","InternalUser","0","0","1"
"t06_rt_mult_u30_s42","MultType","Parallel_Multiplier","Parallel_Multiplier","1"
"t06_rt_mult_u30_s42","Multiplier_Construction","Use_Mults","Use_Mults","1"
"t06_rt_mult_u30_s42","OptGoal","Speed","Speed","1"
"t06_rt_mult_u30_s42","OutputWidthHigh","71","71","1"
"t06_rt_mult_u30_s42","OutputWidthLow","0","0","1"
"t06_rt_mult_u30_s42","PipeStages","5","5","1"
"t06_rt_mult_u30_s42","PortAType","Unsigned","Unsigned","1"
"t06_rt_mult_u30_s42","PortAWidth","30","30","1"
"t06_rt_mult_u30_s42","PortBType","Signed","Signed","1"
"t06_rt_mult_u30_s42","PortBWidth","42","42","1"
"t06_rt_mult_u30_s42","RoundPoint","0","0","1"
"t06_rt_mult_u30_s42","SclrCePriority","SCLR_Overrides_CE","SCLR_Overrides_CE","1"
"t06_rt_mult_u30_s42","SyncClear","true","true","1"
"t06_rt_mult_u30_s42","UseRounding","false","false","1"
"t06_rt_mult_u30_s42","Use_Custom_Output_Width","false","false","1"
"t06_rt_mult_u30_s42","ZeroDetect","false","false","1"
"t06_rt_mult_u30_u43","CcmImp","Distributed_Memory","Distributed_Memory","1"
"t06_rt_mult_u30_u43","ClockEnable","false","false","1"
"t06_rt_mult_u30_u43","Component_Name","t06_rt_mult_u30_u43","t06_rt_mult_u30_u43","1"
"t06_rt_mult_u30_u43","ConstValue","129","129","1"
"t06_rt_mult_u30_u43","InternalUser","0","0","1"
"t06_rt_mult_u30_u43","MultType","Parallel_Multiplier","Parallel_Multiplier","1"
"t06_rt_mult_u30_u43","Multiplier_Construction","Use_Mults","Use_Mults","1"
"t06_rt_mult_u30_u43","OptGoal","Speed","Speed","1"
"t06_rt_mult_u30_u43","OutputWidthHigh","72","72","1"
"t06_rt_mult_u30_u43","OutputWidthLow","0","0","1"
"t06_rt_mult_u30_u43","PipeStages","5","5","1"
"t06_rt_mult_u30_u43","PortAType","Unsigned","Unsigned","1"
"t06_rt_mult_u30_u43","PortAWidth","30","30","1"
"t06_rt_mult_u30_u43","PortBType","Unsigned","Unsigned","1"
"t06_rt_mult_u30_u43","PortBWidth","43","43","1"
"t06_rt_mult_u30_u43","RoundPoint","0","0","1"
"t06_rt_mult_u30_u43","SclrCePriority","SCLR_Overrides_CE","SCLR_Overrides_CE","1"
"t06_rt_mult_u30_u43","SyncClear","true","true","1"
"t06_rt_mult_u30_u43","UseRounding","false","false","1"
"t06_rt_mult_u30_u43","Use_Custom_Output_Width","false","false","1"
"t06_rt_mult_u30_u43","ZeroDetect","false","false","1"
"t06_rt_mult_u30_u48","CcmImp","Distributed_Memory","Distributed_Memory","1"
"t06_rt_mult_u30_u48","ClockEnable","false","false","1"
"t06_rt_mult_u30_u48","Component_Name","t06_rt_mult_u30_u48","t06_rt_mult_u30_u48","1"
"t06_rt_mult_u30_u48","ConstValue","129","129","1"
"t06_rt_mult_u30_u48","InternalUser","0","0","1"
"t06_rt_mult_u30_u48","MultType","Parallel_Multiplier","Parallel_Multiplier","1"
"t06_rt_mult_u30_u48","Multiplier_Construction","Use_Mults","Use_Mults","1"
"t06_rt_mult_u30_u48","OptGoal","Speed","Speed","1"
"t06_rt_mult_u30_u48","OutputWidthHigh","77","77","1"
"t06_rt_mult_u30_u48","OutputWidthLow","0","0","1"
"t06_rt_mult_u30_u48","PipeStages","5","5","1"
"t06_rt_mult_u30_u48","PortAType","Unsigned","Unsigned","1"
"t06_rt_mult_u30_u48","PortAWidth","30","30","1"
"t06_rt_mult_u30_u48","PortBType","Unsigned","Unsigned","1"
"t06_rt_mult_u30_u48","PortBWidth","48","48","1"
"t06_rt_mult_u30_u48","RoundPoint","0","0","1"
"t06_rt_mult_u30_u48","SclrCePriority","SCLR_Overrides_CE","SCLR_Overrides_CE","1"
"t06_rt_mult_u30_u48","SyncClear","true","true","1"
"t06_rt_mult_u30_u48","UseRounding","false","false","1"
"t06_rt_mult_u30_u48","Use_Custom_Output_Width","false","false","1"
"t06_rt_mult_u30_u48","ZeroDetect","false","false","1"
"t06_rt_mult_u48_u20","CcmImp","Distributed_Memory","Distributed_Memory","1"
"t06_rt_mult_u48_u20","ClockEnable","false","false","1"
"t06_rt_mult_u48_u20","Component_Name","t06_rt_mult_u48_u20","t06_rt_mult_u48_u20","1"
"t06_rt_mult_u48_u20","ConstValue","129","129","1"
"t06_rt_mult_u48_u20","InternalUser","0","0","1"
"t06_rt_mult_u48_u20","MultType","Parallel_Multiplier","Parallel_Multiplier","1"
"t06_rt_mult_u48_u20","Multiplier_Construction","Use_Mults","Use_Mults","1"
"t06_rt_mult_u48_u20","OptGoal","Speed","Speed","1"
"t06_rt_mult_u48_u20","OutputWidthHigh","67","67","1"
"t06_rt_mult_u48_u20","OutputWidthLow","0","0","1"
"t06_rt_mult_u48_u20","PipeStages","5","5","1"
"t06_rt_mult_u48_u20","PortAType","Unsigned","Unsigned","1"
"t06_rt_mult_u48_u20","PortAWidth","48","48","1"
"t06_rt_mult_u48_u20","PortBType","Unsigned","Unsigned","1"
"t06_rt_mult_u48_u20","PortBWidth","20","20","1"
"t06_rt_mult_u48_u20","RoundPoint","0","0","1"
"t06_rt_mult_u48_u20","SclrCePriority","SCLR_Overrides_CE","SCLR_Overrides_CE","1"
"t06_rt_mult_u48_u20","SyncClear","true","true","1"
"t06_rt_mult_u48_u20","UseRounding","false","false","1"
"t06_rt_mult_u48_u20","Use_Custom_Output_Width","false","false","1"
"t06_rt_mult_u48_u20","ZeroDetect","false","false","1"
"t06_sg_div_u53_u37","ACLKEN","true","true","1"
"t06_sg_div_u53_u37","ARESETN","true","true","1"
"t06_sg_div_u53_u37","Component_Name","t06_sg_div_u53_u37","t06_sg_div_u53_u37","1"
"t06_sg_div_u53_u37","FlowControl","NonBlocking","NonBlocking","1"
"t06_sg_div_u53_u37","OptimizeGoal","Performance","Performance","1"
"t06_sg_div_u53_u37","OutTLASTBehv","Null","Null","1"
"t06_sg_div_u53_u37","OutTready","false","false","1"
"t06_sg_div_u53_u37","algorithm_type","Radix2","Radix2","1"
"t06_sg_div_u53_u37","clocks_per_division","1","1","1"
"t06_sg_div_u53_u37","divide_by_zero_detect","false","false","1"
"t06_sg_div_u53_u37","dividend_and_quotient_width","53","53","1"
"t06_sg_div_u53_u37","dividend_has_tlast","false","false","1"
"t06_sg_div_u53_u37","dividend_has_tuser","true","true","1"
"t06_sg_div_u53_u37","dividend_tuser_width","128","128","1"
"t06_sg_div_u53_u37","divisor_has_tlast","false","false","1"
"t06_sg_div_u53_u37","divisor_has_tuser","false","false","1"
"t06_sg_div_u53_u37","divisor_tuser_width","1","1","1"
"t06_sg_div_u53_u37","divisor_width","37","37","1"
"t06_sg_div_u53_u37","fractional_width","37","37","1"
"t06_sg_div_u53_u37","latency","55","55","1"
"t06_sg_div_u53_u37","latency_configuration","Automatic","Automatic","1"
"t06_sg_div_u53_u37","operand_sign","Unsigned","Unsigned","1"
"t06_sg_div_u53_u37","remainder_type","Remainder","Remainder","1"
"t06_sg_mult_u37_u16","CcmImp","Distributed_Memory","Distributed_Memory","1"
"t06_sg_mult_u37_u16","ClockEnable","true","true","1"
"t06_sg_mult_u37_u16","Component_Name","t06_sg_mult_u37_u16","t06_sg_mult_u37_u16","1"
"t06_sg_mult_u37_u16","ConstValue","129","129","1"
"t06_sg_mult_u37_u16","InternalUser","0","0","1"
"t06_sg_mult_u37_u16","MultType","Parallel_Multiplier","Parallel_Multiplier","1"
"t06_sg_mult_u37_u16","Multiplier_Construction","Use_Mults","Use_Mults","1"
"t06_sg_mult_u37_u16","OptGoal","Speed","Speed","1"
"t06_sg_mult_u37_u16","OutputWidthHigh","52","52","1"
"t06_sg_mult_u37_u16","OutputWidthLow","0","0","1"
"t06_sg_mult_u37_u16","PipeStages","3","3","1"
"t06_sg_mult_u37_u16","PortAType","Unsigned","Unsigned","1"
"t06_sg_mult_u37_u16","PortAWidth","37","37","1"
"t06_sg_mult_u37_u16","PortBType","Unsigned","Unsigned","1"
"t06_sg_mult_u37_u16","PortBWidth","16","16","1"
"t06_sg_mult_u37_u16","RoundPoint","0","0","1"
"t06_sg_mult_u37_u16","SclrCePriority","SCLR_Overrides_CE","SCLR_Overrides_CE","1"
"t06_sg_mult_u37_u16","SyncClear","true","true","1"
"t06_sg_mult_u37_u16","UseRounding","false","false","1"
"t06_sg_mult_u37_u16","Use_Custom_Output_Width","false","false","1"
"t06_sg_mult_u37_u16","ZeroDetect","false","false","1"
"t06_wp_mult_u64_u33","CcmImp","Distributed_Memory","Distributed_Memory","1"
"t06_wp_mult_u64_u33","ClockEnable","true","true","1"
"t06_wp_mult_u64_u33","Component_Name","t06_wp_mult_u64_u33","t06_wp_mult_u64_u33","1"
"t06_wp_mult_u64_u33","ConstValue","129","129","1"
"t06_wp_mult_u64_u33","InternalUser","0","0","1"
"t06_wp_mult_u64_u33","MultType","Parallel_Multiplier","Parallel_Multiplier","1"
"t06_wp_mult_u64_u33","Multiplier_Construction","Use_Mults","Use_Mults","1"
"t06_wp_mult_u64_u33","OptGoal","Speed","Speed","1"
"t06_wp_mult_u64_u33","OutputWidthHigh","96","96","1"
"t06_wp_mult_u64_u33","OutputWidthLow","0","0","1"
"t06_wp_mult_u64_u33","PipeStages","4","4","1"
"t06_wp_mult_u64_u33","PortAType","Unsigned","Unsigned","1"
"t06_wp_mult_u64_u33","PortAWidth","64","64","1"
"t06_wp_mult_u64_u33","PortBType","Unsigned","Unsigned","1"
"t06_wp_mult_u64_u33","PortBWidth","33","33","1"
"t06_wp_mult_u64_u33","RoundPoint","0","0","1"
"t06_wp_mult_u64_u33","SclrCePriority","SCLR_Overrides_CE","SCLR_Overrides_CE","1"
"t06_wp_mult_u64_u33","SyncClear","true","true","1"
"t06_wp_mult_u64_u33","UseRounding","false","false","1"
"t06_wp_mult_u64_u33","Use_Custom_Output_Width","false","false","1"
"t06_wp_mult_u64_u33","ZeroDetect","false","false","1"
"t07_g3_down15","BestPrecision","false","false","1"
"t07_g3_down15","Blank_Output","false","false","1"
"t07_g3_down15","Channel_Sequence","Basic","Basic","1"
"t07_g3_down15","Clock_Frequency","300.0","300.0","1"
"t07_g3_down15","CoefficientSource","Vector","Vector","1"
"t07_g3_down15","CoefficientVector","-20,0,139,0,-555,0,2484,4096,2484,0,-555,0,139,0,-20","-20,0,139,0,-555,0,2484,4096,2484,0,-555,0,139,0,-20","1"
"t07_g3_down15","Coefficient_Buffer_Type","Automatic","Automatic","1"
"t07_g3_down15","Coefficient_Fanout","false","false","1"
"t07_g3_down15","Coefficient_File","no_coe_file_loaded","no_coe_file_loaded","1"
"t07_g3_down15","Coefficient_Fractional_Bits","0","0","1"
"t07_g3_down15","Coefficient_Reload","false","false","1"
"t07_g3_down15","Coefficient_Sets","1","1","1"
"t07_g3_down15","Coefficient_Sign","Signed","Signed","1"
"t07_g3_down15","Coefficient_Structure","Symmetric","Symmetric","1"
"t07_g3_down15","Coefficient_Width","14","14","1"
"t07_g3_down15","ColumnConfig","8","8","1"
"t07_g3_down15","Component_Name","t07_g3_down15","t07_g3_down15","1"
"t07_g3_down15","Control_Broadcast_Fanout","false","false","1"
"t07_g3_down15","Control_Column_Fanout","false","false","1"
"t07_g3_down15","Control_LUT_Pipeline","false","false","1"
"t07_g3_down15","Control_Path_Fanout","false","false","1"
"t07_g3_down15","DATA_Has_TLAST","Not_Required","Not_Required","1"
"t07_g3_down15","DATA_TUSER_Width","1","1","1"
"t07_g3_down15","Data_Buffer_Type","Automatic","Automatic","1"
"t07_g3_down15","Data_Fractional_Bits","0","0","1"
"t07_g3_down15","Data_Path_Broadcast","false","false","1"
"t07_g3_down15","Data_Path_Fanout","false","false","1"
"t07_g3_down15","Data_Sign","Signed","Signed","1"
"t07_g3_down15","Data_Width","16","16","1"
"t07_g3_down15","Decimation_Rate","2","2","1"
"t07_g3_down15","Disable_Half_Band_Centre_Tap","false","false","1"
"t07_g3_down15","DisplayReloadOrder","false","false","1"
"t07_g3_down15","Filter_Architecture","Systolic_Multiply_Accumulate","Systolic_Multiply_Accumulate","1"
"t07_g3_down15","Filter_Selection","1","1","1"
"t07_g3_down15","Filter_Type","Decimation","Decimation","1"
"t07_g3_down15","GUI_Behaviour","Coregen","Coregen","1"
"t07_g3_down15","Gen_MIF_Files","false","false","1"
"t07_g3_down15","Gen_MIF_from_COE","false","false","1"
"t07_g3_down15","Gen_MIF_from_Spec","false","false","1"
"t07_g3_down15","HardwareOversamplingRate","1","1","1"
"t07_g3_down15","Has_ACLKEN","false","false","1"
"t07_g3_down15","Has_ARESETn","true","true","1"
"t07_g3_down15","Input_Buffer_Type","Automatic","Automatic","1"
"t07_g3_down15","Inter_Column_Pipe_Length","4","4","1"
"t07_g3_down15","Interpolation_Rate","1","1","1"
"t07_g3_down15","M_DATA_Has_TREADY","true","true","1"
"t07_g3_down15","M_DATA_Has_TUSER","Not_Required","Not_Required","1"
"t07_g3_down15","Multi_Column_Support","Automatic","Automatic","1"
"t07_g3_down15","No_BRAM_Read_First_Mode","false","false","1"
"t07_g3_down15","No_SRL_Attributes","false","false","1"
"t07_g3_down15","Num_Reload_Slots","1","1","1"
"t07_g3_down15","Number_Channels","1","1","1"
"t07_g3_down15","Number_Paths","1","1","1"
"t07_g3_down15","Optimal_Column_Lengths","false","false","1"
"t07_g3_down15","Optimization_Goal","Area","Area","1"
"t07_g3_down15","Optimization_List","None","None","1"
"t07_g3_down15","Optimization_Selection","None","None","1"
"t07_g3_down15","Other","false","false","1"
"t07_g3_down15","Output_Buffer_Type","Automatic","Automatic","1"
"t07_g3_down15","Output_Rounding_Mode","Convergent_Rounding_to_Even","Convergent_Rounding_to_Even","1"
"t07_g3_down15","Output_Width","17","17","1"
"t07_g3_down15","Passband_Max","0.5","0.5","1"
"t07_g3_down15","Passband_Min","0.0","0.0","1"
"t07_g3_down15","Pattern_List","P4-0,P4-1,P4-2,P4-3,P4-4","P4-0,P4-1,P4-2,P4-3,P4-4","1"
"t07_g3_down15","Pre_Adder_Pipeline","false","false","1"
"t07_g3_down15","Preference_For_Other_Storage","Automatic","Automatic","1"
"t07_g3_down15","Quantization","Integer_Coefficients","Integer_Coefficients","1"
"t07_g3_down15","RateSpecification","Input_Sample_Period","Input_Sample_Period","1"
"t07_g3_down15","Rate_Change_Type","Integer","Integer","1"
"t07_g3_down15","Reload_File","no_coe_file_loaded","no_coe_file_loaded","1"
"t07_g3_down15","Reset_Data_Vector","true","true","1"
"t07_g3_down15","S_CONFIG_Method","Single","Single","1"
"t07_g3_down15","S_CONFIG_Sync_Mode","On_Vector","On_Vector","1"
"t07_g3_down15","S_DATA_Has_FIFO","true","true","1"
"t07_g3_down15","S_DATA_Has_TUSER","Not_Required","Not_Required","1"
"t07_g3_down15","SamplePeriod","0.0625","0.0625","1"
"t07_g3_down15","Sample_Frequency","0.001","0.001","1"
"t07_g3_down15","Select_Pattern","All","All","1"
"t07_g3_down15","Stopband_Max","1.0","1.0","1"
"t07_g3_down15","Stopband_Min","0.5","0.5","1"
"t07_g3_down15","Zero_Pack_Factor","1","1","1"
"t07_g3_down47","BestPrecision","false","false","1"
"t07_g3_down47","Blank_Output","false","false","1"
"t07_g3_down47","Channel_Sequence","Basic","Basic","1"
"t07_g3_down47","Clock_Frequency","300.0","300.0","1"
"t07_g3_down47","CoefficientSource","Vector","Vector","1"
"t07_g3_down47","CoefficientVector","-2,0,5,0,-11,0,23,0,-41,0,70,0,-113,0,178,0,-279,0,450,0,-825,0,2592,4096,2592,0,-825,0,450,0,-279,0,178,0,-113,0,70,0,-41,0,23,0,-11,0,5,0,-2","-2,0,5,0,-11,0,23,0,-41,0,70,0,-113,0,178,0,-279,0,450,0,-825,0,2592,4096,2592,0,-825,0,450,0,-279,0,178,0,-113,0,70,0,-41,0,23,0,-11,0,5,0,-2","1"
"t07_g3_down47","Coefficient_Buffer_Type","Automatic","Automatic","1"
"t07_g3_down47","Coefficient_Fanout","false","false","1"
"t07_g3_down47","Coefficient_File","no_coe_file_loaded","no_coe_file_loaded","1"
"t07_g3_down47","Coefficient_Fractional_Bits","0","0","1"
"t07_g3_down47","Coefficient_Reload","false","false","1"
"t07_g3_down47","Coefficient_Sets","1","1","1"
"t07_g3_down47","Coefficient_Sign","Signed","Signed","1"
"t07_g3_down47","Coefficient_Structure","Symmetric","Symmetric","1"
"t07_g3_down47","Coefficient_Width","14","14","1"
"t07_g3_down47","ColumnConfig","24","24","1"
"t07_g3_down47","Component_Name","t07_g3_down47","t07_g3_down47","1"
"t07_g3_down47","Control_Broadcast_Fanout","false","false","1"
"t07_g3_down47","Control_Column_Fanout","false","false","1"
"t07_g3_down47","Control_LUT_Pipeline","false","false","1"
"t07_g3_down47","Control_Path_Fanout","false","false","1"
"t07_g3_down47","DATA_Has_TLAST","Not_Required","Not_Required","1"
"t07_g3_down47","DATA_TUSER_Width","1","1","1"
"t07_g3_down47","Data_Buffer_Type","Automatic","Automatic","1"
"t07_g3_down47","Data_Fractional_Bits","0","0","1"
"t07_g3_down47","Data_Path_Broadcast","false","false","1"
"t07_g3_down47","Data_Path_Fanout","false","false","1"
"t07_g3_down47","Data_Sign","Signed","Signed","1"
"t07_g3_down47","Data_Width","16","16","1"
"t07_g3_down47","Decimation_Rate","2","2","1"
"t07_g3_down47","Disable_Half_Band_Centre_Tap","false","false","1"
"t07_g3_down47","DisplayReloadOrder","false","false","1"
"t07_g3_down47","Filter_Architecture","Systolic_Multiply_Accumulate","Systolic_Multiply_Accumulate","1"
"t07_g3_down47","Filter_Selection","1","1","1"
"t07_g3_down47","Filter_Type","Decimation","Decimation","1"
"t07_g3_down47","GUI_Behaviour","Coregen","Coregen","1"
"t07_g3_down47","Gen_MIF_Files","false","false","1"
"t07_g3_down47","Gen_MIF_from_COE","false","false","1"
"t07_g3_down47","Gen_MIF_from_Spec","false","false","1"
"t07_g3_down47","HardwareOversamplingRate","1","1","1"
"t07_g3_down47","Has_ACLKEN","false","false","1"
"t07_g3_down47","Has_ARESETn","true","true","1"
"t07_g3_down47","Input_Buffer_Type","Automatic","Automatic","1"
"t07_g3_down47","Inter_Column_Pipe_Length","4","4","1"
"t07_g3_down47","Interpolation_Rate","1","1","1"
"t07_g3_down47","M_DATA_Has_TREADY","true","true","1"
"t07_g3_down47","M_DATA_Has_TUSER","Not_Required","Not_Required","1"
"t07_g3_down47","Multi_Column_Support","Automatic","Automatic","1"
"t07_g3_down47","No_BRAM_Read_First_Mode","false","false","1"
"t07_g3_down47","No_SRL_Attributes","false","false","1"
"t07_g3_down47","Num_Reload_Slots","1","1","1"
"t07_g3_down47","Number_Channels","1","1","1"
"t07_g3_down47","Number_Paths","1","1","1"
"t07_g3_down47","Optimal_Column_Lengths","false","false","1"
"t07_g3_down47","Optimization_Goal","Area","Area","1"
"t07_g3_down47","Optimization_List","None","None","1"
"t07_g3_down47","Optimization_Selection","None","None","1"
"t07_g3_down47","Other","false","false","1"
"t07_g3_down47","Output_Buffer_Type","Automatic","Automatic","1"
"t07_g3_down47","Output_Rounding_Mode","Convergent_Rounding_to_Even","Convergent_Rounding_to_Even","1"
"t07_g3_down47","Output_Width","17","17","1"
"t07_g3_down47","Passband_Max","0.5","0.5","1"
"t07_g3_down47","Passband_Min","0.0","0.0","1"
"t07_g3_down47","Pattern_List","P4-0,P4-1,P4-2,P4-3,P4-4","P4-0,P4-1,P4-2,P4-3,P4-4","1"
"t07_g3_down47","Pre_Adder_Pipeline","false","false","1"
"t07_g3_down47","Preference_For_Other_Storage","Automatic","Automatic","1"
"t07_g3_down47","Quantization","Integer_Coefficients","Integer_Coefficients","1"
"t07_g3_down47","RateSpecification","Input_Sample_Period","Input_Sample_Period","1"
"t07_g3_down47","Rate_Change_Type","Integer","Integer","1"
"t07_g3_down47","Reload_File","no_coe_file_loaded","no_coe_file_loaded","1"
"t07_g3_down47","Reset_Data_Vector","true","true","1"
"t07_g3_down47","S_CONFIG_Method","Single","Single","1"
"t07_g3_down47","S_CONFIG_Sync_Mode","On_Vector","On_Vector","1"
"t07_g3_down47","S_DATA_Has_FIFO","true","true","1"
"t07_g3_down47","S_DATA_Has_TUSER","Not_Required","Not_Required","1"
"t07_g3_down47","SamplePeriod","0.125","0.125","1"
"t07_g3_down47","Sample_Frequency","0.001","0.001","1"
"t07_g3_down47","Select_Pattern","All","All","1"
"t07_g3_down47","Stopband_Max","1.0","1.0","1"
"t07_g3_down47","Stopband_Min","0.5","0.5","1"
"t07_g3_down47","Zero_Pack_Factor","1","1","1"
"t07_g3_up15","BestPrecision","false","false","1"
"t07_g3_up15","Blank_Output","false","false","1"
"t07_g3_up15","Channel_Sequence","Basic","Basic","1"
"t07_g3_up15","Clock_Frequency","300.0","300.0","1"
"t07_g3_up15","CoefficientSource","Vector","Vector","1"
"t07_g3_up15","CoefficientVector","-20,0,139,0,-555,0,2484,4096,2484,0,-555,0,139,0,-20","-20,0,139,0,-555,0,2484,4096,2484,0,-555,0,139,0,-20","1"
"t07_g3_up15","Coefficient_Buffer_Type","Automatic","Automatic","1"
"t07_g3_up15","Coefficient_Fanout","false","false","1"
"t07_g3_up15","Coefficient_File","no_coe_file_loaded","no_coe_file_loaded","1"
"t07_g3_up15","Coefficient_Fractional_Bits","0","0","1"
"t07_g3_up15","Coefficient_Reload","false","false","1"
"t07_g3_up15","Coefficient_Sets","1","1","1"
"t07_g3_up15","Coefficient_Sign","Signed","Signed","1"
"t07_g3_up15","Coefficient_Structure","Symmetric","Symmetric","1"
"t07_g3_up15","Coefficient_Width","14","14","1"
"t07_g3_up15","ColumnConfig","4","4","1"
"t07_g3_up15","Component_Name","t07_g3_up15","t07_g3_up15","1"
"t07_g3_up15","Control_Broadcast_Fanout","false","false","1"
"t07_g3_up15","Control_Column_Fanout","false","false","1"
"t07_g3_up15","Control_LUT_Pipeline","false","false","1"
"t07_g3_up15","Control_Path_Fanout","false","false","1"
"t07_g3_up15","DATA_Has_TLAST","Not_Required","Not_Required","1"
"t07_g3_up15","DATA_TUSER_Width","1","1","1"
"t07_g3_up15","Data_Buffer_Type","Automatic","Automatic","1"
"t07_g3_up15","Data_Fractional_Bits","0","0","1"
"t07_g3_up15","Data_Path_Broadcast","false","false","1"
"t07_g3_up15","Data_Path_Fanout","false","false","1"
"t07_g3_up15","Data_Sign","Signed","Signed","1"
"t07_g3_up15","Data_Width","16","16","1"
"t07_g3_up15","Decimation_Rate","1","1","1"
"t07_g3_up15","Disable_Half_Band_Centre_Tap","false","false","1"
"t07_g3_up15","DisplayReloadOrder","false","false","1"
"t07_g3_up15","Filter_Architecture","Systolic_Multiply_Accumulate","Systolic_Multiply_Accumulate","1"
"t07_g3_up15","Filter_Selection","1","1","1"
"t07_g3_up15","Filter_Type","Interpolation","Interpolation","1"
"t07_g3_up15","GUI_Behaviour","Coregen","Coregen","1"
"t07_g3_up15","Gen_MIF_Files","false","false","1"
"t07_g3_up15","Gen_MIF_from_COE","false","false","1"
"t07_g3_up15","Gen_MIF_from_Spec","false","false","1"
"t07_g3_up15","HardwareOversamplingRate","1","1","1"
"t07_g3_up15","Has_ACLKEN","false","false","1"
"t07_g3_up15","Has_ARESETn","true","true","1"
"t07_g3_up15","Input_Buffer_Type","Automatic","Automatic","1"
"t07_g3_up15","Inter_Column_Pipe_Length","4","4","1"
"t07_g3_up15","Interpolation_Rate","2","2","1"
"t07_g3_up15","M_DATA_Has_TREADY","true","true","1"
"t07_g3_up15","M_DATA_Has_TUSER","Not_Required","Not_Required","1"
"t07_g3_up15","Multi_Column_Support","Automatic","Automatic","1"
"t07_g3_up15","No_BRAM_Read_First_Mode","false","false","1"
"t07_g3_up15","No_SRL_Attributes","false","false","1"
"t07_g3_up15","Num_Reload_Slots","1","1","1"
"t07_g3_up15","Number_Channels","1","1","1"
"t07_g3_up15","Number_Paths","1","1","1"
"t07_g3_up15","Optimal_Column_Lengths","false","false","1"
"t07_g3_up15","Optimization_Goal","Area","Area","1"
"t07_g3_up15","Optimization_List","None","None","1"
"t07_g3_up15","Optimization_Selection","None","None","1"
"t07_g3_up15","Other","false","false","1"
"t07_g3_up15","Output_Buffer_Type","Automatic","Automatic","1"
"t07_g3_up15","Output_Rounding_Mode","Convergent_Rounding_to_Even","Convergent_Rounding_to_Even","1"
"t07_g3_up15","Output_Width","17","17","1"
"t07_g3_up15","Passband_Max","0.5","0.5","1"
"t07_g3_up15","Passband_Min","0.0","0.0","1"
"t07_g3_up15","Pattern_List","P4-0,P4-1,P4-2,P4-3,P4-4","P4-0,P4-1,P4-2,P4-3,P4-4","1"
"t07_g3_up15","Pre_Adder_Pipeline","false","false","1"
"t07_g3_up15","Preference_For_Other_Storage","Automatic","Automatic","1"
"t07_g3_up15","Quantization","Integer_Coefficients","Integer_Coefficients","1"
"t07_g3_up15","RateSpecification","Input_Sample_Period","Input_Sample_Period","1"
"t07_g3_up15","Rate_Change_Type","Integer","Integer","1"
"t07_g3_up15","Reload_File","no_coe_file_loaded","no_coe_file_loaded","1"
"t07_g3_up15","Reset_Data_Vector","true","true","1"
"t07_g3_up15","S_CONFIG_Method","Single","Single","1"
"t07_g3_up15","S_CONFIG_Sync_Mode","On_Vector","On_Vector","1"
"t07_g3_up15","S_DATA_Has_FIFO","true","true","1"
"t07_g3_up15","S_DATA_Has_TUSER","Not_Required","Not_Required","1"
"t07_g3_up15","SamplePeriod","0.125","0.125","1"
"t07_g3_up15","Sample_Frequency","0.001","0.001","1"
"t07_g3_up15","Select_Pattern","All","All","1"
"t07_g3_up15","Stopband_Max","1.0","1.0","1"
"t07_g3_up15","Stopband_Min","0.5","0.5","1"
"t07_g3_up15","Zero_Pack_Factor","1","1","1"
"t07_g3_up47","BestPrecision","false","false","1"
"t07_g3_up47","Blank_Output","false","false","1"
"t07_g3_up47","Channel_Sequence","Basic","Basic","1"
"t07_g3_up47","Clock_Frequency","300.0","300.0","1"
"t07_g3_up47","CoefficientSource","Vector","Vector","1"
"t07_g3_up47","CoefficientVector","-2,0,5,0,-11,0,23,0,-41,0,70,0,-113,0,178,0,-279,0,450,0,-825,0,2592,4096,2592,0,-825,0,450,0,-279,0,178,0,-113,0,70,0,-41,0,23,0,-11,0,5,0,-2","-2,0,5,0,-11,0,23,0,-41,0,70,0,-113,0,178,0,-279,0,450,0,-825,0,2592,4096,2592,0,-825,0,450,0,-279,0,178,0,-113,0,70,0,-41,0,23,0,-11,0,5,0,-2","1"
"t07_g3_up47","Coefficient_Buffer_Type","Automatic","Automatic","1"
"t07_g3_up47","Coefficient_Fanout","false","false","1"
"t07_g3_up47","Coefficient_File","no_coe_file_loaded","no_coe_file_loaded","1"
"t07_g3_up47","Coefficient_Fractional_Bits","0","0","1"
"t07_g3_up47","Coefficient_Reload","false","false","1"
"t07_g3_up47","Coefficient_Sets","1","1","1"
"t07_g3_up47","Coefficient_Sign","Signed","Signed","1"
"t07_g3_up47","Coefficient_Structure","Symmetric","Symmetric","1"
"t07_g3_up47","Coefficient_Width","14","14","1"
"t07_g3_up47","ColumnConfig","12","12","1"
"t07_g3_up47","Component_Name","t07_g3_up47","t07_g3_up47","1"
"t07_g3_up47","Control_Broadcast_Fanout","false","false","1"
"t07_g3_up47","Control_Column_Fanout","false","false","1"
"t07_g3_up47","Control_LUT_Pipeline","false","false","1"
"t07_g3_up47","Control_Path_Fanout","false","false","1"
"t07_g3_up47","DATA_Has_TLAST","Not_Required","Not_Required","1"
"t07_g3_up47","DATA_TUSER_Width","1","1","1"
"t07_g3_up47","Data_Buffer_Type","Automatic","Automatic","1"
"t07_g3_up47","Data_Fractional_Bits","0","0","1"
"t07_g3_up47","Data_Path_Broadcast","false","false","1"
"t07_g3_up47","Data_Path_Fanout","false","false","1"
"t07_g3_up47","Data_Sign","Signed","Signed","1"
"t07_g3_up47","Data_Width","16","16","1"
"t07_g3_up47","Decimation_Rate","1","1","1"
"t07_g3_up47","Disable_Half_Band_Centre_Tap","false","false","1"
"t07_g3_up47","DisplayReloadOrder","false","false","1"
"t07_g3_up47","Filter_Architecture","Systolic_Multiply_Accumulate","Systolic_Multiply_Accumulate","1"
"t07_g3_up47","Filter_Selection","1","1","1"
"t07_g3_up47","Filter_Type","Interpolation","Interpolation","1"
"t07_g3_up47","GUI_Behaviour","Coregen","Coregen","1"
"t07_g3_up47","Gen_MIF_Files","false","false","1"
"t07_g3_up47","Gen_MIF_from_COE","false","false","1"
"t07_g3_up47","Gen_MIF_from_Spec","false","false","1"
"t07_g3_up47","HardwareOversamplingRate","1","1","1"
"t07_g3_up47","Has_ACLKEN","false","false","1"
"t07_g3_up47","Has_ARESETn","true","true","1"
"t07_g3_up47","Input_Buffer_Type","Automatic","Automatic","1"
"t07_g3_up47","Inter_Column_Pipe_Length","4","4","1"
"t07_g3_up47","Interpolation_Rate","2","2","1"
"t07_g3_up47","M_DATA_Has_TREADY","true","true","1"
"t07_g3_up47","M_DATA_Has_TUSER","Not_Required","Not_Required","1"
"t07_g3_up47","Multi_Column_Support","Automatic","Automatic","1"
"t07_g3_up47","No_BRAM_Read_First_Mode","false","false","1"
"t07_g3_up47","No_SRL_Attributes","false","false","1"
"t07_g3_up47","Num_Reload_Slots","1","1","1"
"t07_g3_up47","Number_Channels","1","1","1"
"t07_g3_up47","Number_Paths","1","1","1"
"t07_g3_up47","Optimal_Column_Lengths","false","false","1"
"t07_g3_up47","Optimization_Goal","Area","Area","1"
"t07_g3_up47","Optimization_List","None","None","1"
"t07_g3_up47","Optimization_Selection","None","None","1"
"t07_g3_up47","Other","false","false","1"
"t07_g3_up47","Output_Buffer_Type","Automatic","Automatic","1"
"t07_g3_up47","Output_Rounding_Mode","Convergent_Rounding_to_Even","Convergent_Rounding_to_Even","1"
"t07_g3_up47","Output_Width","18","18","1"
"t07_g3_up47","Passband_Max","0.5","0.5","1"
"t07_g3_up47","Passband_Min","0.0","0.0","1"
"t07_g3_up47","Pattern_List","P4-0,P4-1,P4-2,P4-3,P4-4","P4-0,P4-1,P4-2,P4-3,P4-4","1"
"t07_g3_up47","Pre_Adder_Pipeline","false","false","1"
"t07_g3_up47","Preference_For_Other_Storage","Automatic","Automatic","1"
"t07_g3_up47","Quantization","Integer_Coefficients","Integer_Coefficients","1"
"t07_g3_up47","RateSpecification","Input_Sample_Period","Input_Sample_Period","1"
"t07_g3_up47","Rate_Change_Type","Integer","Integer","1"
"t07_g3_up47","Reload_File","no_coe_file_loaded","no_coe_file_loaded","1"
"t07_g3_up47","Reset_Data_Vector","true","true","1"
"t07_g3_up47","S_CONFIG_Method","Single","Single","1"
"t07_g3_up47","S_CONFIG_Sync_Mode","On_Vector","On_Vector","1"
"t07_g3_up47","S_DATA_Has_FIFO","true","true","1"
"t07_g3_up47","S_DATA_Has_TUSER","Not_Required","Not_Required","1"
"t07_g3_up47","SamplePeriod","0.25","0.25","1"
"t07_g3_up47","Sample_Frequency","0.001","0.001","1"
"t07_g3_up47","Select_Pattern","All","All","1"
"t07_g3_up47","Stopband_Max","1.0","1.0","1"
"t07_g3_up47","Stopband_Min","0.5","0.5","1"
"t07_g3_up47","Zero_Pack_Factor","1","1","1"
