"Fileset","Path","Exists"
"sources_1","D:/008_MA_Dev/rtl/vendor/xpm/xpm_cdc.sv","1"
"sources_1","D:/008_MA_Dev/rtl/vendor/xpm/xpm_memory.sv","1"
"sources_1","D:/008_MA_Dev/rtl/vendor/xpm/xpm_fifo.sv","1"
"sources_1","D:/008_MA_Dev/rtl/common/bistatic_stream_pkg.sv","1"
"sources_1","D:/008_MA_Dev/rtl/t07/farrow_microbench.sv","1"
"sources_1","D:/008_MA_Dev/rtl/t07/g3_down15_top.sv","1"
"sources_1","D:/008_MA_Dev/rtl/t07/g3_down47_top.sv","1"
"sources_1","D:/008_MA_Dev/rtl/t07/g3_farrow_guard_stream.sv","1"
"sources_1","D:/008_MA_Dev/rtl/t07/g3_up15_top.sv","1"
"sources_1","D:/008_MA_Dev/rtl/t07/g3_up47_top.sv","1"
"sources_1","D:/008_MA_Dev/rtl/common/t03_main_fft_service.sv","1"
"sources_1","D:/008_MA_Dev/rtl/common/t03_uram_frame_bank.sv","1"
"sources_1","D:/008_MA_Dev/rtl/common/t05_local_capture_buffer.sv","1"
"sources_1","D:/008_MA_Dev/rtl/common/t05_phase_increment_controller.sv","1"
"sources_1","D:/008_MA_Dev/rtl/common/t05_vendor_multiplier_adapters.sv","1"
"sources_1","D:/008_MA_Dev/rtl/t06/t06_cfo_derotate_s16_4lane.sv","1"
"sources_1","D:/008_MA_Dev/rtl/t06/t06_dds_phase_4lane.sv","1"
"sources_1","D:/008_MA_Dev/rtl/t06/t06_derotate_wide_4lane.sv","1"
"sources_1","D:/008_MA_Dev/rtl/t06/t06_fft_pair_extractor.sv","1"
"sources_1","D:/008_MA_Dev/rtl/t06/t06_fft_pair_extractor_fifo.sv","1"
"sources_1","D:/008_MA_Dev/rtl/t06/t06_fft_pair_extractor_memory.sv","1"
"sources_1","D:/008_MA_Dev/rtl/t06/t06_fft_swls_backend.sv","1"
"sources_1","D:/008_MA_Dev/rtl/t06/t06_five_sum_accumulator.sv","1"
"sources_1","D:/008_MA_Dev/rtl/t06/t06_frame_context_join.sv","1"
"sources_1","D:/008_MA_Dev/rtl/t06/t06_initial_sfo_service.sv","1"
"sources_1","D:/008_MA_Dev/rtl/t06/t06_initial_sfo_standalone.sv","1"
"sources_1","D:/008_MA_Dev/rtl/t06/t06_main_fft_exclusive_owner.sv","1"
"sources_1","D:/008_MA_Dev/rtl/t06/t06_observation_engine.sv","1"
"sources_1","D:/008_MA_Dev/rtl/t06/t06_observation_engine_2lane.sv","1"
"sources_1","D:/008_MA_Dev/rtl/t06/t06_observation_engine_fifo.sv","1"
"sources_1","D:/008_MA_Dev/rtl/t06/t06_observation_store.sv","1"
"sources_1","D:/008_MA_Dev/rtl/t06/t06_observation_store_bank.sv","1"
"sources_1","D:/008_MA_Dev/rtl/t06/t06_pair_max_tracker_2lane.sv","1"
"sources_1","D:/008_MA_Dev/rtl/t06/t06_pair_phasor_bfp.sv","1"
"sources_1","D:/008_MA_Dev/rtl/t06/t06_ps3_ps10_job_sequencer.sv","1"
"sources_1","D:/008_MA_Dev/rtl/t06/t06_raw_reader_4lane.sv","1"
"sources_1","D:/008_MA_Dev/rtl/t06/t06_raw_reader_local_capture.sv","1"
"sources_1","D:/008_MA_Dev/rtl/t06/t06_raw_to_fft_frontend.sv","1"
"sources_1","D:/008_MA_Dev/rtl/t06/t06_regression_tail.sv","1"
"sources_1","D:/008_MA_Dev/rtl/t06/t06_shared_gain_s16_4lane.sv","1"
"sources_1","D:/008_MA_Dev/rtl/t06/t06_shared_gain_s16_lane.sv","1"
"sources_1","D:/008_MA_Dev/rtl/t06/t06_swls_weighted_backend.sv","1"
"sources_1","D:/008_MA_Dev/rtl/t06/t06_unsigned_divider_service.sv","1"
"sources_1","D:/008_MA_Dev/rtl/t06/t06_unsigned_divider_service_fifo.sv","1"
"sources_1","D:/008_MA_Dev/rtl/t06/t06_weight_pack.sv","1"
"sources_1","D:/008_MA_Dev/rtl/t07/t07_guard_frame_core.sv","1"
"sources_1","D:/008_MA_Dev/rtl/t07/t07_nominal_pack4_rev02.sv","1"
"sources_1","D:/008_MA_Dev/rtl/t07/t07_sync_fifo.sv","1"
"sources_1","D:/008_MA_Dev/rtl/t08/t08_descriptor.sv","1"
"sources_1","D:/008_MA_Dev/rtl/t08/t08_first_sfo_resampler.sv","1"
"sources_1","D:/008_MA_Dev/rtl/t08/t08_frame_engine.sv","1"
"sources_1","D:/008_MA_Dev/rtl/t09/t09_aux_ifft_service4.sv","1"
"sources_1","D:/008_MA_Dev/rtl/t09/t09_div_u80_u49_rne.sv","1"
"sources_1","D:/008_MA_Dev/rtl/t09/t09_dtp_frame_backend4.sv","1"
"sources_1","D:/008_MA_Dev/rtl/t09/t09_fft_grid_stage4.sv","1"
"sources_1","D:/008_MA_Dev/rtl/t09/t09_grid_packet_queue2.sv","1"
"sources_1","D:/008_MA_Dev/rtl/t09/t09_main_fft_service4.sv","1"
"sources_1","D:/008_MA_Dev/rtl/t09/t09_main_fft_window4.sv","1"
"sources_1","D:/008_MA_Dev/rtl/t09/t09_nominal_window_reader4.sv","1"
"sources_1","D:/008_MA_Dev/rtl/t09/t09_peak_interpolate.sv","1"
"sources_1","D:/008_MA_Dev/rtl/t09/t09_peak_triplet4.sv","1"
"sources_1","D:/008_MA_Dev/rtl/t09/t09_pilot_front2.sv","1"
"sources_1","D:/008_MA_Dev/rtl/t09/t09_pilot_grid4.sv","1"
"sources_1","D:/008_MA_Dev/rtl/t09/t09_pilot_rotate2.sv","1"
"sources_1","D:/008_MA_Dev/rtl/t09/t09_pilot_select_phase4.sv","1"
"sources_1","D:/008_MA_Dev/rtl/t09/t09_power4.sv","1"
"sources_1","D:/008_MA_Dev/rtl/t09/t09_residual_sfo_pipeline4.sv","1"
"sources_1","D:/008_MA_Dev/rtl/t09/t09_sfo_ls74.sv","1"
"sources_1","D:/008_MA_Dev/rtl/t10/t10_cdc_fifo.sv","1"
"sources_1","D:/008_MA_Dev/rtl/t10/t10_domain_reset.sv","1"
"sources_1","D:/008_MA_Dev/rtl/t10/t10_output_buffer.sv","1"
"sources_1","D:/008_MA_Dev/rtl/t10/t10_r1_bank.sv","1"
"sources_1","D:/008_MA_Dev/rtl/t10/t10_raw_ring.sv","1"
"sources_1","D:/008_MA_Dev/rtl/t10/t10_second_descriptor.sv","1"
"sources_1","D:/008_MA_Dev/rtl/t10/t10_second_sfo_resampler.sv","1"
"sources_1","D:/008_MA_Dev/rtl/t10/t10_two_pass_system.sv","1"
"sources_1","D:/008_MA_Dev/rtl/t10/t10_two_pass_transport.sv","1"
"sources_1","D:/008_MA_Dev/ip/config/farrow_add_18/farrow_add_18.xci","1"
"sources_1","D:/008_MA_Dev/ip/config/farrow_add_18/farrow_add_18.vho","1"
"sources_1","D:/008_MA_Dev/ip/config/farrow_add_18/farrow_add_18.veo","1"
"sources_1","D:/008_MA_Dev/ip/config/farrow_add_28/farrow_add_28.xci","1"
"sources_1","D:/008_MA_Dev/ip/config/farrow_add_28/farrow_add_28.vho","1"
"sources_1","D:/008_MA_Dev/ip/config/farrow_add_28/farrow_add_28.veo","1"
"sources_1","D:/008_MA_Dev/ip/config/farrow_add_32/farrow_add_32.xci","1"
"sources_1","D:/008_MA_Dev/ip/config/farrow_add_32/farrow_add_32.vho","1"
"sources_1","D:/008_MA_Dev/ip/config/farrow_add_32/farrow_add_32.veo","1"
"sources_1","D:/008_MA_Dev/ip/config/farrow_mul_h16/farrow_mul_h16.xci","1"
"sources_1","D:/008_MA_Dev/ip/config/farrow_mul_h16/farrow_mul_h16.vho","1"
"sources_1","D:/008_MA_Dev/ip/config/farrow_mul_h16/farrow_mul_h16.veo","1"
"sources_1","D:/008_MA_Dev/ip/config/farrow_mul_t16/farrow_mul_t16.xci","1"
"sources_1","D:/008_MA_Dev/ip/config/farrow_mul_t16/farrow_mul_t16.vho","1"
"sources_1","D:/008_MA_Dev/ip/config/farrow_mul_t16/farrow_mul_t16.veo","1"
"sources_1","D:/008_MA_Dev/ip/config/t03_xfft_16384_aux/t03_xfft_16384_aux.xci","1"
"sources_1","D:/008_MA_Dev/ip/config/t03_xfft_16384_aux/t03_xfft_16384_aux.vho","1"
"sources_1","D:/008_MA_Dev/ip/config/t03_xfft_16384_aux/t03_xfft_16384_aux.veo","1"
"sources_1","D:/008_MA_Dev/ip/config/t03_xfft_2048_main/t03_xfft_2048_main.xci","1"
"sources_1","D:/008_MA_Dev/ip/config/t03_xfft_2048_main/t03_xfft_2048_main.vho","1"
"sources_1","D:/008_MA_Dev/ip/config/t03_xfft_2048_main/t03_xfft_2048_main.veo","1"
"sources_1","D:/008_MA_Dev/ip/config/t04_cmpy_17x16/t04_cmpy_17x16.xci","1"
"sources_1","D:/008_MA_Dev/ip/config/t04_cmpy_17x16/t04_cmpy_17x16.vho","1"
"sources_1","D:/008_MA_Dev/ip/config/t04_cmpy_17x16/t04_cmpy_17x16.veo","1"
"sources_1","D:/008_MA_Dev/ip/config/t04_div_u63_u47/t04_div_u63_u47.xci","1"
"sources_1","D:/008_MA_Dev/ip/config/t04_div_u63_u47/t04_div_u63_u47.vho","1"
"sources_1","D:/008_MA_Dev/ip/config/t04_div_u63_u47/t04_div_u63_u47.veo","1"
"sources_1","D:/008_MA_Dev/ip/config/t05_cmpy_rotate_18x18/t05_cmpy_rotate_18x18.xci","1"
"sources_1","D:/008_MA_Dev/ip/config/t05_cmpy_rotate_18x18/t05_cmpy_rotate_18x18.vho","1"
"sources_1","D:/008_MA_Dev/ip/config/t05_cmpy_rotate_18x18/t05_cmpy_rotate_18x18.veo","1"
"sources_1","D:/008_MA_Dev/ip/config/t05_mult_cfo_s19_const40_full59/t05_mult_cfo_s19_const40_full59.xci","1"
"sources_1","D:/008_MA_Dev/ip/config/t05_mult_cfo_s19_const40_full59/t05_mult_cfo_s19_const40_full59.vho","1"
"sources_1","D:/008_MA_Dev/ip/config/t05_mult_cfo_s19_const40_full59/t05_mult_cfo_s19_const40_full59.veo","1"
"sources_1","D:/008_MA_Dev/ip/config/t06_cordic_translate48_parallel/t06_cordic_translate48_parallel.xci","1"
"sources_1","D:/008_MA_Dev/ip/config/t06_cordic_translate48_parallel/t06_cordic_translate48_parallel.vho","1"
"sources_1","D:/008_MA_Dev/ip/config/t06_cordic_translate48_parallel/t06_cordic_translate48_parallel.veo","1"
"sources_1","D:/008_MA_Dev/ip/config/t06_dds_phase_s32_sincos18/t06_dds_phase_s32_sincos18.xci","1"
"sources_1","D:/008_MA_Dev/ip/config/t06_dds_phase_s32_sincos18/t06_dds_phase_s32_sincos18.vho","1"
"sources_1","D:/008_MA_Dev/ip/config/t06_dds_phase_s32_sincos18/t06_dds_phase_s32_sincos18.veo","1"
"sources_1","D:/008_MA_Dev/ip/config/t06_fs_mult_s29_s11/t06_fs_mult_s29_s11.xci","1"
"sources_1","D:/008_MA_Dev/ip/config/t06_fs_mult_s29_s11/t06_fs_mult_s29_s11.vho","1"
"sources_1","D:/008_MA_Dev/ip/config/t06_fs_mult_s29_s11/t06_fs_mult_s29_s11.veo","1"
"sources_1","D:/008_MA_Dev/ip/config/t06_fs_mult_s29_s48/t06_fs_mult_s29_s48.xci","1"
"sources_1","D:/008_MA_Dev/ip/config/t06_fs_mult_s29_s48/t06_fs_mult_s29_s48.vho","1"
"sources_1","D:/008_MA_Dev/ip/config/t06_fs_mult_s29_s48/t06_fs_mult_s29_s48.veo","1"
"sources_1","D:/008_MA_Dev/ip/config/t06_fs_mult_u18_s11/t06_fs_mult_u18_s11.xci","1"
"sources_1","D:/008_MA_Dev/ip/config/t06_fs_mult_u18_s11/t06_fs_mult_u18_s11.vho","1"
"sources_1","D:/008_MA_Dev/ip/config/t06_fs_mult_u18_s11/t06_fs_mult_u18_s11.veo","1"
"sources_1","D:/008_MA_Dev/ip/config/t06_fs_mult_u18_s48/t06_fs_mult_u18_s48.xci","1"
"sources_1","D:/008_MA_Dev/ip/config/t06_fs_mult_u18_s48/t06_fs_mult_u18_s48.vho","1"
"sources_1","D:/008_MA_Dev/ip/config/t06_fs_mult_u18_s48/t06_fs_mult_u18_s48.veo","1"
"sources_1","D:/008_MA_Dev/ip/config/t06_observation_engine_square/t06_observation_engine_square.xci","1"
"sources_1","D:/008_MA_Dev/ip/config/t06_observation_engine_square/t06_observation_engine_square.vho","1"
"sources_1","D:/008_MA_Dev/ip/config/t06_observation_engine_square/t06_observation_engine_square.veo","1"
"sources_1","D:/008_MA_Dev/ip/config/t06_observation_engine_weight_product/t06_observation_engine_weight_product.xci","1"
"sources_1","D:/008_MA_Dev/ip/config/t06_observation_engine_weight_product/t06_observation_engine_weight_product.vho","1"
"sources_1","D:/008_MA_Dev/ip/config/t06_observation_engine_weight_product/t06_observation_engine_weight_product.veo","1"
"sources_1","D:/008_MA_Dev/ip/config/t06_pair_max_tracker_2lane_cross/t06_pair_max_tracker_2lane_cross.xci","1"
"sources_1","D:/008_MA_Dev/ip/config/t06_pair_max_tracker_2lane_cross/t06_pair_max_tracker_2lane_cross.vho","1"
"sources_1","D:/008_MA_Dev/ip/config/t06_pair_max_tracker_2lane_cross/t06_pair_max_tracker_2lane_cross.veo","1"
"sources_1","D:/008_MA_Dev/ip/config/t06_rt_mult_s41_s38/t06_rt_mult_s41_s38.xci","1"
"sources_1","D:/008_MA_Dev/ip/config/t06_rt_mult_s41_s38/t06_rt_mult_s41_s38.vho","1"
"sources_1","D:/008_MA_Dev/ip/config/t06_rt_mult_s41_s38/t06_rt_mult_s41_s38.veo","1"
"sources_1","D:/008_MA_Dev/ip/config/t06_rt_mult_s41_s41/t06_rt_mult_s41_s41.xci","1"
"sources_1","D:/008_MA_Dev/ip/config/t06_rt_mult_s41_s41/t06_rt_mult_s41_s41.vho","1"
"sources_1","D:/008_MA_Dev/ip/config/t06_rt_mult_s41_s41/t06_rt_mult_s41_s41.veo","1"
"sources_1","D:/008_MA_Dev/ip/config/t06_rt_mult_s41_u38/t06_rt_mult_s41_u38.xci","1"
"sources_1","D:/008_MA_Dev/ip/config/t06_rt_mult_s41_u38/t06_rt_mult_s41_u38.vho","1"
"sources_1","D:/008_MA_Dev/ip/config/t06_rt_mult_s41_u38/t06_rt_mult_s41_u38.veo","1"
"sources_1","D:/008_MA_Dev/ip/config/t06_rt_mult_u30_s42/t06_rt_mult_u30_s42.xci","1"
"sources_1","D:/008_MA_Dev/ip/config/t06_rt_mult_u30_s42/t06_rt_mult_u30_s42.vho","1"
"sources_1","D:/008_MA_Dev/ip/config/t06_rt_mult_u30_s42/t06_rt_mult_u30_s42.veo","1"
"sources_1","D:/008_MA_Dev/ip/config/t06_rt_mult_u30_u43/t06_rt_mult_u30_u43.xci","1"
"sources_1","D:/008_MA_Dev/ip/config/t06_rt_mult_u30_u43/t06_rt_mult_u30_u43.vho","1"
"sources_1","D:/008_MA_Dev/ip/config/t06_rt_mult_u30_u43/t06_rt_mult_u30_u43.veo","1"
"sources_1","D:/008_MA_Dev/ip/config/t06_rt_mult_u30_u48/t06_rt_mult_u30_u48.xci","1"
"sources_1","D:/008_MA_Dev/ip/config/t06_rt_mult_u30_u48/t06_rt_mult_u30_u48.vho","1"
"sources_1","D:/008_MA_Dev/ip/config/t06_rt_mult_u30_u48/t06_rt_mult_u30_u48.veo","1"
"sources_1","D:/008_MA_Dev/ip/config/t06_rt_mult_u48_u20/t06_rt_mult_u48_u20.xci","1"
"sources_1","D:/008_MA_Dev/ip/config/t06_rt_mult_u48_u20/t06_rt_mult_u48_u20.vho","1"
"sources_1","D:/008_MA_Dev/ip/config/t06_rt_mult_u48_u20/t06_rt_mult_u48_u20.veo","1"
"sources_1","D:/008_MA_Dev/ip/config/t06_sg_div_u53_u37/t06_sg_div_u53_u37.xci","1"
"sources_1","D:/008_MA_Dev/ip/config/t06_sg_div_u53_u37/t06_sg_div_u53_u37.vho","1"
"sources_1","D:/008_MA_Dev/ip/config/t06_sg_div_u53_u37/t06_sg_div_u53_u37.veo","1"
"sources_1","D:/008_MA_Dev/ip/config/t06_sg_mult_u37_u16/t06_sg_mult_u37_u16.xci","1"
"sources_1","D:/008_MA_Dev/ip/config/t06_sg_mult_u37_u16/t06_sg_mult_u37_u16.vho","1"
"sources_1","D:/008_MA_Dev/ip/config/t06_sg_mult_u37_u16/t06_sg_mult_u37_u16.veo","1"
"sources_1","D:/008_MA_Dev/ip/config/t06_wp_mult_u64_u33/t06_wp_mult_u64_u33.xci","1"
"sources_1","D:/008_MA_Dev/ip/config/t06_wp_mult_u64_u33/t06_wp_mult_u64_u33.vho","1"
"sources_1","D:/008_MA_Dev/ip/config/t06_wp_mult_u64_u33/t06_wp_mult_u64_u33.veo","1"
"sources_1","D:/008_MA_Dev/ip/config/t07_g3_down15/t07_g3_down15.xci","1"
"sources_1","D:/008_MA_Dev/ip/config/t07_g3_down15/t07_g3_down15.vho","1"
"sources_1","D:/008_MA_Dev/ip/config/t07_g3_down15/t07_g3_down15.veo","1"
"sources_1","D:/008_MA_Dev/ip/config/t07_g3_down47/t07_g3_down47.xci","1"
"sources_1","D:/008_MA_Dev/ip/config/t07_g3_down47/t07_g3_down47.vho","1"
"sources_1","D:/008_MA_Dev/ip/config/t07_g3_down47/t07_g3_down47.veo","1"
"sources_1","D:/008_MA_Dev/ip/config/t07_g3_up15/t07_g3_up15.xci","1"
"sources_1","D:/008_MA_Dev/ip/config/t07_g3_up15/t07_g3_up15.vho","1"
"sources_1","D:/008_MA_Dev/ip/config/t07_g3_up15/t07_g3_up15.veo","1"
"sources_1","D:/008_MA_Dev/ip/config/t07_g3_up47/t07_g3_up47.xci","1"
"sources_1","D:/008_MA_Dev/ip/config/t07_g3_up47/t07_g3_up47.vho","1"
"sources_1","D:/008_MA_Dev/ip/config/t07_g3_up47/t07_g3_up47.veo","1"
"sources_1","D:/008_MA_Dev/sim/data/t09_pilot_phase.mem","1"
"sim_1","D:/008_MA_Dev/sim/tb/t10_full023_fifo_observer.sv","1"
"sim_1","D:/008_MA_Dev/sim/tb/t10_full023_tb.sv","1"
"sim_1","D:/008_MA_Dev/sim/data/raw.mem","1"
"sim_1","D:/008_MA_Dev/sim/data/r1.mem","1"
"sim_1","D:/008_MA_Dev/sim/data/r2.mem","1"
"sim_1","D:/008_MA_Dev/sim/data/delay.mem","1"
"sim_1","D:/008_MA_Dev/sim/data/delta.mem","1"
"constrs_1","D:/008_MA_Dev/constraints/t10_root_clocks.xdc","1"
