"GROUP","SLACK","REQUIREMENT","STARTPOINT_PIN","ENDPOINT_PIN","STARTPOINT_CLOCK","ENDPOINT_CLOCK","DATAPATH_DELAY","LOGIC_LEVELS","SKEW","UNCERTAINTY"
"clk500","-0.199","2.000","cfo/windows/poison_sync/syncstages_ff_reg[3]/C","cfo/windows/packed_count_reg[1]/CE","clk500","clk500","2.097","4","-0.008","0.035"
"clk500","-0.178","2.000","cfo/windows/poison_sync/syncstages_ff_reg[3]/C","cfo/windows/output_record_reg[105]/CE","clk500","clk500","2.075","4","-0.008","0.035"
"clk500","-0.175","2.000","cfo/windows/poison_sync/syncstages_ff_reg[3]/C","cfo/windows/output_record_reg[117]/CE","clk500","clk500","2.072","4","-0.007","0.035"
"clk500","-0.174","2.000","cfo/windows/poison_sync/syncstages_ff_reg[3]/C","cfo/observation_front/fft_core/bank1_reg_bram_1/DINADIN[5]","clk500","clk500","1.902","3","0.011","0.035"
"clk500","-0.172","2.000","cfo/windows/poison_sync/syncstages_ff_reg[3]/C","cfo/observation_front/fft_core/bank1_reg_bram_0/DINADIN[8]","clk500","clk500","1.887","3","0.011","0.035"
"clk500","-0.169","2.000","cfo/observation_front/coefficient_page0_data_reg_0_1/CLKARDCLK","cfo/observation_front/pr4_reg_i_5_psdsp_1/D","clk500","clk500","2.103","2","-0.056","0.035"
"clk500","-0.165","2.000","cfo/observation_front/coefficient_page0_data_reg_0_1/CLKARDCLK","cfo/observation_front/rr3_reg_i_5_psdsp/D","clk500","clk500","2.100","2","-0.055","0.035"
"clk500","-0.164","2.000","cfo/observation_front/coefficient_page0_data_reg_0_1/CLKARDCLK","cfo/observation_front/rr3_reg_i_5_psdsp_1/D","clk500","clk500","2.099","2","-0.055","0.035"
"clk500","-0.159","2.000","cfo/windows/poison_sync/syncstages_ff_reg[3]/C","cfo/windows/output_record_reg[17]/CE","clk500","clk500","2.056","4","-0.008","0.035"
"clk500","-0.159","2.000","cfo/windows/poison_sync/syncstages_ff_reg[3]/C","cfo/windows/output_record_reg[34]/CE","clk500","clk500","2.056","4","-0.008","0.035"
"clk500","-0.156","2.000","cfo/windows/poison_sync/syncstages_ff_reg[3]/C","cfo/windows/output_record_reg[13]/CE","clk500","clk500","2.053","4","-0.007","0.035"
"clk500","-0.156","2.000","cfo/windows/poison_sync/syncstages_ff_reg[3]/C","cfo/windows/output_record_reg[18]/CE","clk500","clk500","2.053","4","-0.007","0.035"
"clk500","-0.156","2.000","cfo/windows/poison_sync/syncstages_ff_reg[3]/C","cfo/windows/output_record_reg[38]/CE","clk500","clk500","2.053","4","-0.007","0.035"
"clk500","-0.156","2.000","cfo/windows/poison_sync/syncstages_ff_reg[3]/C","cfo/windows/output_record_reg[41]/CE","clk500","clk500","2.053","4","-0.007","0.035"
"clk500","-0.155","2.000","cfo/windows/poison_sync/syncstages_ff_reg[3]/C","cfo/windows/output_record_reg[122]/CE","clk500","clk500","2.052","4","-0.007","0.035"
"clk500","-0.155","2.000","cfo/windows/poison_sync/syncstages_ff_reg[3]/C","cfo/windows/output_record_reg[20]/CE","clk500","clk500","2.052","4","-0.007","0.035"
"clk500","-0.155","2.000","cfo/windows/poison_sync/syncstages_ff_reg[3]/C","cfo/windows/output_record_reg[42]/CE","clk500","clk500","2.052","4","-0.007","0.035"
"clk500","-0.155","2.000","cfo/windows/poison_sync/syncstages_ff_reg[3]/C","cfo/windows/output_record_reg[8]/CE","clk500","clk500","2.052","4","-0.007","0.035"
"clk500","-0.154","2.000","cfo/windows/poison_sync/syncstages_ff_reg[3]/C","cfo/windows/output_record_reg[107]/CE","clk500","clk500","2.051","4","-0.007","0.035"
"clk500","-0.154","2.000","cfo/windows/poison_sync/syncstages_ff_reg[3]/C","cfo/windows/output_record_reg[94]/CE","clk500","clk500","2.051","4","-0.007","0.035"
"clk500","-0.154","2.000","cfo/windows/poison_sync/syncstages_ff_reg[3]/C","cfo/observation_front/fft_core/bank1_reg_bram_1/DINADIN[10]","clk500","clk500","1.891","3","0.011","0.035"
"clk500","-0.151","2.000","cfo/observation_front/fft_core/input_index_reg[3]/C","cfo/observation_front/fft_core/bank1_reg_bram_1/ADDRARDADDR[9]","clk500","clk500","1.860","4","0.009","0.035"
"clk500","-0.148","2.000","cfo/windows/poison_sync/syncstages_ff_reg[3]/C","cfo/observation_front/fft_core/bank1_reg_bram_1/ADDRARDADDR[11]","clk500","clk500","1.861","3","0.011","0.035"
"clk500","-0.148","2.000","cfo/windows/poison_sync/syncstages_ff_reg[3]/C","cfo/observation_front/fft_core/bank1_reg_bram_0/ADDRARDADDR[12]","clk500","clk500","1.845","3","0.011","0.035"
"clk500","-0.146","2.000","cfo/windows/poison_sync/syncstages_ff_reg[3]/C","cfo/observation_front/fft_core/bank1_reg_bram_0/ADDRARDADDR[14]","clk500","clk500","1.835","3","0.011","0.035"
"clk500","-0.143","2.000","cfo/observation_front/coefficient_page0_data_reg_0_1/CLKARDCLK","cfo/observation_front/rr3_reg_i_4_psdsp/D","clk500","clk500","2.078","2","-0.055","0.035"
"clk500","-0.141","2.000","cfo/windows/poison_sync/syncstages_ff_reg[3]/C","cfo/windows/output_record_reg[119]/CE","clk500","clk500","2.038","4","-0.007","0.035"
"clk500","-0.141","2.000","cfo/windows/poison_sync/syncstages_ff_reg[3]/C","cfo/windows/output_record_reg[79]/CE","clk500","clk500","2.038","4","-0.007","0.035"
"clk500","-0.140","2.000","cfo/windows/poison_sync/syncstages_ff_reg[3]/C","cfo/windows/output_record_reg[106]/CE","clk500","clk500","2.037","4","-0.007","0.035"
"clk500","-0.140","2.000","cfo/windows/poison_sync/syncstages_ff_reg[3]/C","cfo/windows/output_record_reg[124]/CE","clk500","clk500","2.037","4","-0.007","0.035"
"clk500","-0.140","2.000","cfo/windows/poison_sync/syncstages_ff_reg[3]/C","cfo/windows/output_record_reg[74]/CE","clk500","clk500","2.037","4","-0.008","0.035"
"clk500","-0.140","2.000","cfo/windows/poison_sync/syncstages_ff_reg[3]/C","cfo/windows/output_record_reg[76]/CE","clk500","clk500","2.038","4","-0.008","0.035"
"clk500","-0.140","2.000","cfo/windows/poison_sync/syncstages_ff_reg[3]/C","cfo/windows/output_record_reg[85]/CE","clk500","clk500","2.037","4","-0.008","0.035"
"clk500","-0.140","2.000","cfo/windows/poison_sync/syncstages_ff_reg[3]/C","cfo/windows/output_record_reg[88]/CE","clk500","clk500","2.037","4","-0.007","0.035"
"clk500","-0.138","2.000","cfo/windows/output_record_reg[80]/C","cfo/observation_front/fft_core/m_error_reg[1]/CE","clk500","clk500","2.033","6","-0.009","0.035"
"clk500","-0.134","2.000","cfo/windows/output_record_reg[80]/C","cfo/observation_front/fft_core/input_index_reg[2]/CE","clk500","clk500","2.029","6","-0.009","0.035"
"clk500","-0.134","2.000","cfo/windows/output_record_reg[80]/C","cfo/observation_front/fft_core/input_index_reg[4]/CE","clk500","clk500","2.029","6","-0.009","0.035"
"clk500","-0.134","2.000","cfo/windows/output_record_reg[80]/C","cfo/observation_front/fft_core/input_index_reg[5]/CE","clk500","clk500","2.029","6","-0.009","0.035"
"clk500","-0.133","2.000","cfo/windows/output_record_reg[80]/C","cfo/observation_front/fft_core/input_index_reg[3]/CE","clk500","clk500","2.029","6","-0.009","0.035"
"clk500","-0.133","2.000","cfo/windows/output_record_reg[80]/C","cfo/observation_front/fft_core/input_index_reg[6]/CE","clk500","clk500","2.029","6","-0.009","0.035"
"clk500","-0.133","2.000","cfo/observation_front/coefficient_page0_data_reg_0_1/CLKARDCLK","cfo/observation_front/pr4_reg_i_3_psdsp/D","clk500","clk500","2.067","2","-0.056","0.035"
"clk500","-0.132","2.000","cfo/windows/poison_sync/syncstages_ff_reg[3]/C","cfo/windows/packed_windows/fifo/gnuram_async_fifo.xpm_fifo_base_inst/gen_sdpram.xpm_memory_base_inst/gen_wr_a.gen_word_narrow.mem_reg_bram_7/ENBWREN","clk500","clk500","1.767","3","0.012","0.035"
"clk500","-0.131","2.000","cfo/windows/poison_sync/syncstages_ff_reg[3]/C","cfo/observation_front/fft_core/bank1_reg_bram_0/DINADIN[22]","clk500","clk500","1.841","3","0.011","0.035"
"clk500","-0.131","2.000","cfo/windows/poison_sync/syncstages_ff_reg[3]/C","cfo/windows/window_credits/fifo/gnuram_async_fifo.xpm_fifo_base_inst/wrp_inst/count_value_i_reg[0]/CE","clk500","clk500","2.028","4","-0.008","0.035"
"clk500","-0.131","2.000","cfo/windows/poison_sync/syncstages_ff_reg[3]/C","cfo/windows/window_credits/fifo/gnuram_async_fifo.xpm_fifo_base_inst/wrpp1_inst/count_value_i_reg[4]/CE","clk500","clk500","2.028","4","-0.008","0.035"
"clk500","-0.129","2.000","cfo/windows/output_record_reg[80]/C","cfo/observation_front/fft_core/input_index_reg[7]/CE","clk500","clk500","2.024","6","-0.010","0.035"
"clk500","-0.129","2.000","cfo/windows/output_record_reg[80]/C","cfo/observation_front/fft_core/input_index_reg[9]/CE","clk500","clk500","2.024","6","-0.010","0.035"
"clk500","-0.129","2.000","cfo/observation_front/coefficient_page0_data_reg_0_1/CLKARDCLK","cfo/observation_front/pr4_reg_i_2_psdsp_1/D","clk500","clk500","2.063","2","-0.056","0.035"
"clk500","-0.129","2.000","cfo/windows/poison_sync/syncstages_ff_reg[3]/C","cfo/windows/window_credits/fifo/gnuram_async_fifo.xpm_fifo_base_inst/wrpp1_inst/count_value_i_reg[3]/CE","clk500","clk500","2.026","4","-0.008","0.035"
"clk500","-0.129","2.000","cfo/windows/output_record_reg[80]/C","cfo/observation_front/fft_core/input_index_reg[8]/CE","clk500","clk500","2.025","6","-0.010","0.035"
"clk500","-0.128","2.000","cfo/windows/poison_sync/syncstages_ff_reg[3]/C","cfo/observation_front/fft_core/bank1_reg_bram_0/ADDRARDADDR[5]","clk500","clk500","1.752","3","0.011","0.035"
"clk500","-0.128","2.000","cfo/windows/poison_sync/syncstages_ff_reg[3]/C","cfo/observation_front/fft_core/bank1_reg_bram_1/ADDRARDADDR[4]","clk500","clk500","1.770","3","0.011","0.035"
"clk500","-0.126","2.000","cfo/windows/poison_sync/syncstages_ff_reg[3]/C","cfo/observation_front/fft_core/bank1_reg_bram_1/DINADIN[6]","clk500","clk500","1.865","3","0.011","0.035"
"clk500","-0.126","2.000","cfo/windows/poison_sync/syncstages_ff_reg[3]/C","cfo/windows/output_record_reg[19]/CE","clk500","clk500","2.023","4","-0.007","0.035"
"clk500","-0.126","2.000","cfo/windows/poison_sync/syncstages_ff_reg[3]/C","cfo/windows/output_record_reg[25]/CE","clk500","clk500","2.023","4","-0.007","0.035"
"clk500","-0.126","2.000","cfo/windows/poison_sync/syncstages_ff_reg[3]/C","cfo/windows/output_record_reg[37]/CE","clk500","clk500","2.023","4","-0.007","0.035"
"clk500","-0.126","2.000","cfo/windows/poison_sync/syncstages_ff_reg[3]/C","cfo/windows/output_record_reg[39]/CE","clk500","clk500","2.023","4","-0.007","0.035"
"clk500","-0.125","2.000","cfo/observation_front/coefficient_page0_data_reg_0_1/CLKARDCLK","cfo/observation_front/pr4_reg_i_3_psdsp_1/D","clk500","clk500","2.059","2","-0.056","0.035"
"clk500","-0.124","2.000","cfo/windows/poison_sync/syncstages_ff_reg[3]/C","cfo/observation_front/fft_core/bank1_reg_bram_0/DINADIN[6]","clk500","clk500","1.856","3","0.011","0.035"
"clk500","-0.124","2.000","cfo/windows/poison_sync/syncstages_ff_reg[3]/C","cfo/windows/output_record_reg[112]/CE","clk500","clk500","2.021","4","-0.007","0.035"
"clk500","-0.122","2.000","cfo/windows/poison_sync/syncstages_ff_reg[3]/C","cfo/observation_front/fft_core/bank1_reg_bram_0/DINADIN[14]","clk500","clk500","1.856","3","0.011","0.035"
"clk500","-0.122","2.000","cfo/windows/poison_sync/syncstages_ff_reg[3]/C","cfo/observation_front/fft_core/bank0_reg_bram_1/ADDRARDADDR[10]","clk500","clk500","1.806","3","0.013","0.035"
"clk500","-0.121","2.000","cfo/windows/poison_sync/syncstages_ff_reg[3]/C","cfo/windows/packed_windows/fifo/gnuram_async_fifo.xpm_fifo_base_inst/gen_sdpram.xpm_memory_base_inst/gen_wr_a.gen_word_narrow.mem_reg_bram_4/ENBWREN","clk500","clk500","1.756","3","0.012","0.035"
"clk500","-0.118","2.000","cfo/windows/poison_sync/syncstages_ff_reg[3]/C","cfo/observation_front/fft_core/bank1_reg_bram_0/DINADIN[25]","clk500","clk500","1.834","3","0.011","0.035"
"clk500","-0.118","2.000","cfo/observation_front/coefficient_page0_data_reg_0_1/CLKARDCLK","cfo/observation_front/pr4_reg_i_4_psdsp_1/D","clk500","clk500","2.052","2","-0.056","0.035"
"clk500","-0.117","2.000","cfo/windows/poison_sync/syncstages_ff_reg[3]/C","cfo/observation_front/fft_core/bank1_reg_bram_1/DINADIN[7]","clk500","clk500","1.851","3","0.011","0.035"
"clk500","-0.117","2.000","cfo/observation_front/fft_core/offset_in_group_reg[0]/C","cfo/observation_front/fft_core/tw_index_reg_rep/ADDRARDADDR[5]","clk500","clk500","1.740","4","0.010","0.035"
"clk500","-0.117","2.000","cfo/windows/poison_sync/syncstages_ff_reg[3]/C","cfo/observation_front/fft_core/bank1_reg_bram_1/ADDRARDADDR[8]","clk500","clk500","1.826","3","0.011","0.035"
"clk500","-0.117","2.000","cfo/observation_front/coefficient_page0_data_reg_0_1/CLKARDCLK","cfo/observation_front/rr3_reg_i_1_psdsp/D","clk500","clk500","2.051","2","-0.056","0.035"
"clk500","-0.117","2.000","cfo/windows/poison_sync/syncstages_ff_reg[3]/C","cfo/windows/output_record_reg[10]/CE","clk500","clk500","2.014","4","-0.007","0.035"
"clk500","-0.117","2.000","cfo/windows/poison_sync/syncstages_ff_reg[3]/C","cfo/windows/output_record_reg[40]/CE","clk500","clk500","2.014","4","-0.007","0.035"
"clk500","-0.116","2.000","cfo/observation_front/coefficient_page0_data_reg_0_1/CLKARDCLK","cfo/observation_front/pr4_reg_i_2_psdsp/D","clk500","clk500","2.050","2","-0.056","0.035"
"clk500","-0.115","2.000","cfo/windows/poison_sync/syncstages_ff_reg[3]/C","cfo/observation_front/fft_core/bank1_reg_bram_0/DINADIN[10]","clk500","clk500","1.843","3","0.011","0.035"
"clk500","-0.115","2.000","cfo/windows/poison_sync/syncstages_ff_reg[3]/C","cfo/observation_front/fft_core/bank1_reg_bram_0/DINADIN[13]","clk500","clk500","1.847","3","0.011","0.035"
"clk500","-0.115","2.000","cfo/observation_front/coefficient_page0_data_reg_0_1/CLKARDCLK","cfo/observation_front/rr3_reg_i_1_psdsp_1/D","clk500","clk500","2.049","2","-0.056","0.035"
"clk500","-0.110","2.000","cfo/windows/poison_sync/syncstages_ff_reg[3]/C","cfo/windows/window_credits/fifo/gnuram_async_fifo.xpm_fifo_base_inst/wrp_inst/count_value_i_reg[1]/CE","clk500","clk500","2.007","4","-0.008","0.035"
"clk500","-0.110","2.000","cfo/windows/poison_sync/syncstages_ff_reg[3]/C","cfo/windows/window_credits/fifo/gnuram_async_fifo.xpm_fifo_base_inst/wrp_inst/count_value_i_reg[2]/CE","clk500","clk500","2.008","4","-0.008","0.035"
"clk500","-0.110","2.000","cfo/windows/poison_sync/syncstages_ff_reg[3]/C","cfo/windows/window_credits/fifo/gnuram_async_fifo.xpm_fifo_base_inst/wrpp2_inst/count_value_i_reg[1]/CE","clk500","clk500","2.008","4","-0.008","0.035"
"clk500","-0.110","2.000","cfo/observation_front/fft_core/next_output_reg[2]/C","cfo/observation_front/fft_core/bank0_reg_bram_1/ENBWREN","clk500","clk500","1.743","4","0.010","0.035"
"clk500","-0.109","2.000","cfo/windows/poison_sync/syncstages_ff_reg[3]/C","cfo/windows/output_record_reg[11]/CE","clk500","clk500","2.006","4","-0.007","0.035"
"clk500","-0.109","2.000","cfo/windows/poison_sync/syncstages_ff_reg[3]/C","cfo/windows/output_record_reg[14]/CE","clk500","clk500","2.006","4","-0.007","0.035"
"clk500","-0.109","2.000","cfo/windows/poison_sync/syncstages_ff_reg[3]/C","cfo/windows/output_record_reg[15]/CE","clk500","clk500","2.006","4","-0.007","0.035"
"clk500","-0.109","2.000","cfo/windows/poison_sync/syncstages_ff_reg[3]/C","cfo/windows/output_record_reg[33]/CE","clk500","clk500","2.006","4","-0.007","0.035"
"clk500","-0.109","2.000","cfo/windows/poison_sync/syncstages_ff_reg[3]/C","cfo/windows/output_record_reg[45]/CE","clk500","clk500","2.006","4","-0.007","0.035"
"clk500","-0.109","2.000","cfo/windows/poison_sync/syncstages_ff_reg[3]/C","cfo/windows/output_record_reg[6]/CE","clk500","clk500","2.006","4","-0.007","0.035"
"clk500","-0.109","2.000","cfo/windows/poison_sync/syncstages_ff_reg[3]/C","cfo/windows/output_record_reg[9]/CE","clk500","clk500","2.006","4","-0.007","0.035"
"clk500","-0.109","2.000","cfo/windows/poison_sync/syncstages_ff_reg[3]/C","cfo/windows/packed_windows/fifo/gnuram_async_fifo.xpm_fifo_base_inst/gen_sdpram.xpm_memory_base_inst/gen_wr_a.gen_word_narrow.mem_reg_bram_5/ENBWREN","clk500","clk500","1.744","3","0.012","0.035"
"clk500","-0.107","2.000","cfo/windows/poison_sync/syncstages_ff_reg[3]/C","cfo/observation_front/fft_core/bank1_reg_bram_0/DINADIN[15]","clk500","clk500","1.826","3","0.011","0.035"
"clk500","-0.104","2.000","cfo/observation_front/fft_core/offset_in_group_reg[0]/C","cfo/observation_front/fft_core/tw_index_reg_rep/ADDRARDADDR[14]","clk500","clk500","1.792","4","0.010","0.035"
"clk500","-0.103","2.000","cfo/windows/poison_sync/syncstages_ff_reg[3]/C","cfo/observation_front/fft_core/bank0_reg_bram_0/ADDRARDADDR[11]","clk500","clk500","1.785","3","0.011","0.035"
"clk500","-0.099","2.000","cfo/windows/poison_sync/syncstages_ff_reg[3]/C","cfo/observation_front/fft_core/bank1_reg_bram_1/ADDRARDADDR[13]","clk500","clk500","1.807","3","0.011","0.035"
"clk500","-0.099","2.000","cfo/windows/poison_sync/syncstages_ff_reg[3]/C","cfo/windows/window_credits/fifo/gnuram_async_fifo.xpm_fifo_base_inst/wrpp2_inst/count_value_i_reg[3]/CE","clk500","clk500","1.996","4","-0.007","0.035"
"clk500","-0.099","2.000","cfo/windows/poison_sync/syncstages_ff_reg[3]/C","cfo/observation_front/fft_core/bank1_reg_bram_0/DINPADINP[0]","clk500","clk500","1.847","3","0.011","0.035"
"clk500","-0.099","2.000","cfo/observation_front/coefficient_page0_data_reg_0_1/CLKARDCLK","cfo/observation_front/rr3_reg_i_2_psdsp_1/D","clk500","clk500","2.033","2","-0.056","0.035"
"clk500","-0.098","2.000","cfo/windows/poison_sync/syncstages_ff_reg[3]/C","cfo/windows/window_credits/fifo/gnuram_async_fifo.xpm_fifo_base_inst/wrpp2_inst/count_value_i_reg[4]/CE","clk500","clk500","1.996","4","-0.007","0.035"
"clk500","-0.098","2.000","cfo/observation_front/coefficient_page0_data_reg_0_1/CLKARDCLK","cfo/observation_front/rr3_reg_i_2_psdsp/D","clk500","clk500","2.032","2","-0.056","0.035"
"clk500","-0.097","2.000","cfo/observation_front/fft_core/input_index_reg[3]/C","cfo/observation_front/fft_core/bank1_reg_bram_0/ADDRARDADDR[10]","clk500","clk500","1.795","4","0.009","0.035"
"clk500","-0.097","2.000","cfo/windows/poison_sync/syncstages_ff_reg[3]/C","cfo/observation_front/fft_core/m_saturations_reg[2]/CE","clk500","clk500","1.995","3","-0.008","0.035"
"clk500","-0.094","2.000","cfo/windows/poison_sync/syncstages_ff_reg[3]/C","cfo/observation_front/fft_core/m_saturations_reg[10]/CE","clk500","clk500","1.991","3","-0.008","0.035"
"clk500","-0.093","2.000","cfo/windows/poison_sync/syncstages_ff_reg[3]/C","cfo/observation_front/fft_core/bank1_reg_bram_0/ADDRARDADDR[6]","clk500","clk500","1.784","3","0.011","0.035"
"clk500","-0.092","2.000","cfo/windows/poison_sync/syncstages_ff_reg[3]/C","cfo/observation_front/fft_core/m_saturations_reg[11]/CE","clk500","clk500","1.989","3","-0.008","0.035"
"clk500","-0.092","2.000","cfo/windows/poison_sync/syncstages_ff_reg[3]/C","cfo/observation_front/fft_core/m_saturations_reg[12]/CE","clk500","clk500","1.989","3","-0.008","0.035"
"clk500","-0.092","2.000","cfo/windows/poison_sync/syncstages_ff_reg[3]/C","cfo/observation_front/fft_core/m_saturations_reg[14]/CE","clk500","clk500","1.989","3","-0.008","0.035"
"clk500","-0.092","2.000","cfo/observation_front/fft_core/offset_in_group_reg[0]/C","cfo/observation_front/fft_core/tw_index_reg_rep/ADDRARDADDR[11]","clk500","clk500","1.773","4","0.010","0.035"
"clk500","-0.092","2.000","cfo/observation_front/coefficient_page0_data_reg_0_1/CLKARDCLK","cfo/observation_front/rr3_reg_i_4_psdsp_1/D","clk500","clk500","2.027","2","-0.055","0.035"
"clk500","-0.090","2.000","cfo/windows/poison_sync/syncstages_ff_reg[3]/C","cfo/windows/output_record_reg[128]/CE","clk500","clk500","1.987","4","-0.007","0.035"
"clk500","-0.090","2.000","cfo/windows/poison_sync/syncstages_ff_reg[3]/C","cfo/windows/output_record_reg[75]/CE","clk500","clk500","1.987","4","-0.007","0.035"
"clk500","-0.090","2.000","cfo/windows/poison_sync/syncstages_ff_reg[3]/C","cfo/windows/output_record_reg[91]/CE","clk500","clk500","1.987","4","-0.007","0.035"
"clk500","-0.089","2.000","cfo/windows/poison_sync/syncstages_ff_reg[3]/C","cfo/windows/output_record_reg[123]/CE","clk500","clk500","1.986","4","-0.007","0.035"
"clk500","-0.089","2.000","cfo/windows/poison_sync/syncstages_ff_reg[3]/C","cfo/windows/output_record_reg[130]/CE","clk500","clk500","1.986","4","-0.007","0.035"
"clk500","-0.089","2.000","cfo/windows/poison_sync/syncstages_ff_reg[3]/C","cfo/windows/output_record_reg[87]/CE","clk500","clk500","1.986","4","-0.007","0.035"
"clk500","-0.089","2.000","cfo/windows/poison_sync/syncstages_ff_reg[3]/C","cfo/windows/output_record_reg[97]/CE","clk500","clk500","1.986","4","-0.007","0.035"
"clk500","-0.088","2.000","cfo/windows/output_record_reg[80]/C","cfo/observation_front/fft_core/input_index_reg[10]/CE","clk500","clk500","1.983","6","-0.010","0.035"
"clk500","-0.088","2.000","cfo/windows/output_record_reg[80]/C","cfo/observation_front/fft_core/input_index_reg[1]/CE","clk500","clk500","1.983","6","-0.010","0.035"
"clk500","-0.086","2.000","cfo/windows/poison_sync/syncstages_ff_reg[3]/C","cfo/observation_front/fft_core/bank0_reg_bram_1/ADDRARDADDR[5]","clk500","clk500","1.779","3","0.013","0.035"
"clk500","-0.086","2.000","cfo/windows/output_record_reg[80]/C","cfo/observation_front/fft_core/input_index_reg[0]/CE","clk500","clk500","1.981","6","-0.010","0.035"
"clk500","-0.085","2.000","cfo/windows/poison_sync/syncstages_ff_reg[3]/C","cfo/observation_front/fft_core/bank1_reg_bram_0/DINADIN[16]","clk500","clk500","1.800","3","0.011","0.035"
"clk500","-0.085","2.000","cfo/windows/poison_sync/syncstages_ff_reg[3]/C","cfo/observation_front/fft_core/m_generation_reg[10]/CE","clk500","clk500","1.982","3","-0.008","0.035"
"clk500","-0.085","2.000","cfo/windows/poison_sync/syncstages_ff_reg[3]/C","cfo/observation_front/fft_core/m_generation_reg[14]/CE","clk500","clk500","1.982","3","-0.008","0.035"
"clk500","-0.085","2.000","cfo/windows/poison_sync/syncstages_ff_reg[3]/C","cfo/observation_front/fft_core/m_generation_reg[19]/CE","clk500","clk500","1.982","3","-0.008","0.035"
"clk500","-0.085","2.000","cfo/windows/poison_sync/syncstages_ff_reg[3]/C","cfo/observation_front/fft_core/m_generation_reg[23]/CE","clk500","clk500","1.982","3","-0.008","0.035"
"clk500","-0.084","2.000","cfo/windows/poison_sync/syncstages_ff_reg[3]/C","cfo/observation_front/fft_core/bank1_reg_bram_0/ADDRARDADDR[8]","clk500","clk500","1.777","3","0.011","0.035"
"clk500","-0.084","2.000","cfo/windows/poison_sync/syncstages_ff_reg[3]/C","cfo/observation_front/fft_core/bank1_reg_bram_1/DINADIN[0]","clk500","clk500","1.769","3","0.011","0.035"
"clk500","-0.084","2.000","cfo/observation_front/fft_core/next_output_reg[2]/C","cfo/observation_front/fft_core/bank0_reg_bram_1/ADDRBWRADDR[12]","clk500","clk500","1.769","4","0.010","0.035"
"clk500","-0.083","2.000","cfo/windows/poison_sync/syncstages_ff_reg[3]/C","cfo/observation_front/fft_core/m_generation_reg[0]/CE","clk500","clk500","1.980","3","-0.008","0.035"
"clk500","-0.083","2.000","cfo/windows/poison_sync/syncstages_ff_reg[3]/C","cfo/observation_front/fft_core/m_generation_reg[12]/CE","clk500","clk500","1.980","3","-0.008","0.035"
"clk500","-0.083","2.000","cfo/windows/poison_sync/syncstages_ff_reg[3]/C","cfo/observation_front/fft_core/m_generation_reg[18]/CE","clk500","clk500","1.980","3","-0.008","0.035"
"clk500","-0.083","2.000","cfo/windows/poison_sync/syncstages_ff_reg[3]/C","cfo/observation_front/fft_core/m_generation_reg[22]/CE","clk500","clk500","1.980","3","-0.008","0.035"
"clk500","-0.081","2.000","cfo/windows/poison_sync/syncstages_ff_reg[3]/C","cfo/observation_front/fft_core/bank0_reg_bram_0/ADDRARDADDR[6]","clk500","clk500","1.772","3","0.011","0.035"
"clk500","-0.081","2.000","cfo/windows/poison_sync/syncstages_ff_reg[3]/C","cfo/observation_front/fft_core/m_generation_reg[21]/CE","clk500","clk500","1.978","3","-0.008","0.035"
"clk500","-0.081","2.000","cfo/windows/poison_sync/syncstages_ff_reg[3]/C","cfo/observation_front/fft_core/m_generation_reg[4]/CE","clk500","clk500","1.978","3","-0.008","0.035"
"clk500","-0.081","2.000","cfo/windows/poison_sync/syncstages_ff_reg[3]/C","cfo/observation_front/fft_core/m_generation_reg[6]/CE","clk500","clk500","1.978","3","-0.008","0.035"
"clk500","-0.081","2.000","cfo/windows/poison_sync/syncstages_ff_reg[3]/C","cfo/observation_front/fft_core/m_generation_reg[3]/CE","clk500","clk500","1.979","3","-0.008","0.035"
"clk500","-0.081","2.000","cfo/windows/poison_sync/syncstages_ff_reg[3]/C","cfo/observation_front/fft_core/m_generation_reg[5]/CE","clk500","clk500","1.979","3","-0.008","0.035"
"clk500","-0.081","2.000","cfo/windows/poison_sync/syncstages_ff_reg[3]/C","cfo/observation_front/fft_core/m_generation_reg[9]/CE","clk500","clk500","1.979","3","-0.008","0.035"
"clk500","-0.080","2.000","cfo/windows/poison_sync/syncstages_ff_reg[3]/C","cfo/windows/output_record_reg[115]/CE","clk500","clk500","1.977","4","-0.007","0.035"
"clk500","-0.080","2.000","cfo/windows/poison_sync/syncstages_ff_reg[3]/C","cfo/windows/output_record_reg[121]/CE","clk500","clk500","1.977","4","-0.007","0.035"
"clk500","-0.080","2.000","cfo/windows/poison_sync/syncstages_ff_reg[3]/C","cfo/windows/output_record_reg[53]/CE","clk500","clk500","1.977","4","-0.007","0.035"
"clk500","-0.080","2.000","cfo/windows/poison_sync/syncstages_ff_reg[3]/C","cfo/windows/output_record_reg[70]/CE","clk500","clk500","1.977","4","-0.007","0.035"
"clk500","-0.080","2.000","cfo/windows/poison_sync/syncstages_ff_reg[3]/C","cfo/windows/output_record_reg[89]/CE","clk500","clk500","1.977","4","-0.007","0.035"
"clk500","-0.080","2.000","cfo/windows/poison_sync/syncstages_ff_reg[3]/C","cfo/windows/output_record_reg[90]/CE","clk500","clk500","1.977","4","-0.007","0.035"
"clk500","-0.080","2.000","cfo/windows/poison_sync/syncstages_ff_reg[3]/C","cfo/windows/output_record_reg[93]/CE","clk500","clk500","1.977","4","-0.007","0.035"
"clk500","-0.079","2.000","cfo/windows/poison_sync/syncstages_ff_reg[3]/C","cfo/windows/output_record_reg[111]/CE","clk500","clk500","1.976","4","-0.007","0.035"
"clk500","-0.079","2.000","cfo/windows/poison_sync/syncstages_ff_reg[3]/C","cfo/windows/output_record_reg[120]/CE","clk500","clk500","1.976","4","-0.007","0.035"
"clk500","-0.079","2.000","cfo/windows/poison_sync/syncstages_ff_reg[3]/C","cfo/windows/output_record_reg[127]/CE","clk500","clk500","1.976","4","-0.007","0.035"
"clk500","-0.079","2.000","cfo/windows/poison_sync/syncstages_ff_reg[3]/C","cfo/windows/output_record_reg[134]/CE","clk500","clk500","1.976","4","-0.007","0.035"
"clk500","-0.079","2.000","cfo/windows/poison_sync/syncstages_ff_reg[3]/C","cfo/windows/output_record_reg[65]/CE","clk500","clk500","1.976","4","-0.007","0.035"
"clk500","-0.079","2.000","cfo/windows/poison_sync/syncstages_ff_reg[3]/C","cfo/windows/output_record_reg[72]/CE","clk500","clk500","1.976","4","-0.007","0.035"
"clk500","-0.079","2.000","cfo/windows/poison_sync/syncstages_ff_reg[3]/C","cfo/windows/output_record_reg[98]/CE","clk500","clk500","1.976","4","-0.007","0.035"
"clk500","-0.079","2.000","cfo/windows/poison_sync/syncstages_ff_reg[3]/C","cfo/windows/window_credits/fifo/gnuram_async_fifo.xpm_fifo_base_inst/wrpp1_inst/count_value_i_reg[0]/CE","clk500","clk500","1.976","4","-0.008","0.035"
"clk500","-0.079","2.000","cfo/windows/poison_sync/syncstages_ff_reg[3]/C","cfo/windows/window_credits/fifo/gnuram_async_fifo.xpm_fifo_base_inst/wrpp1_inst/count_value_i_reg[1]/CE","clk500","clk500","1.976","4","-0.007","0.035"
"clk500","-0.079","2.000","cfo/windows/poison_sync/syncstages_ff_reg[3]/C","cfo/windows/window_credits/fifo/gnuram_async_fifo.xpm_fifo_base_inst/wrpp2_inst/count_value_i_reg[0]/CE","clk500","clk500","1.976","4","-0.007","0.035"
"clk500","-0.078","2.000","cfo/windows/poison_sync/syncstages_ff_reg[3]/C","cfo/observation_front/fft_core/bank1_reg_bram_1/DINADIN[12]","clk500","clk500","1.789","3","0.011","0.035"
"clk500","-0.078","2.000","cfo/windows/poison_sync/syncstages_ff_reg[3]/C","cfo/windows/window_credits/fifo/gnuram_async_fifo.xpm_fifo_base_inst/wrpp1_inst/count_value_i_reg[2]/CE","clk500","clk500","1.976","4","-0.007","0.035"
"clk500","-0.078","2.000","cfo/windows/poison_sync/syncstages_ff_reg[3]/C","cfo/windows/window_credits/fifo/gnuram_async_fifo.xpm_fifo_base_inst/wrpp2_inst/count_value_i_reg[2]/CE","clk500","clk500","1.976","4","-0.007","0.035"
"clk500","-0.076","2.000","cfo/windows/poison_sync/syncstages_ff_reg[3]/C","cfo/windows/output_record_reg[16]/CE","clk500","clk500","1.973","4","-0.008","0.035"
"clk500","-0.076","2.000","cfo/windows/poison_sync/syncstages_ff_reg[3]/C","cfo/windows/output_record_reg[36]/CE","clk500","clk500","1.973","4","-0.008","0.035"
"clk500","-0.075","2.000","cfo/windows/poison_sync/syncstages_ff_reg[3]/C","cfo/windows/packed_head_reg[41]/CE","clk500","clk500","1.972","5","-0.008","0.035"
"clk500","-0.075","2.000","cfo/windows/poison_sync/syncstages_ff_reg[3]/C","cfo/windows/packed_head_reg[46]/CE","clk500","clk500","1.972","5","-0.008","0.035"
"clk500","-0.075","2.000","cfo/windows/poison_sync/syncstages_ff_reg[3]/C","cfo/windows/packed_head_reg[4]/CE","clk500","clk500","1.972","5","-0.008","0.035"
"clk500","-0.075","2.000","cfo/windows/poison_sync/syncstages_ff_reg[3]/C","cfo/windows/packed_head_reg[60]/CE","clk500","clk500","1.972","5","-0.008","0.035"
"clk500","-0.075","2.000","cfo/windows/poison_sync/syncstages_ff_reg[3]/C","cfo/windows/output_record_reg[43]/CE","clk500","clk500","1.972","4","-0.008","0.035"
"clk500","-0.072","2.000","cfo/windows/poison_sync/syncstages_ff_reg[3]/C","cfo/windows/packed_head_reg[101]/CE","clk500","clk500","1.969","5","-0.007","0.035"
"clk500","-0.072","2.000","cfo/windows/poison_sync/syncstages_ff_reg[3]/C","cfo/windows/packed_head_reg[20]/CE","clk500","clk500","1.969","5","-0.007","0.035"
"clk500","-0.072","2.000","cfo/windows/poison_sync/syncstages_ff_reg[3]/C","cfo/windows/packed_head_reg[73]/CE","clk500","clk500","1.969","5","-0.007","0.035"
"clk500","-0.072","2.000","cfo/windows/poison_sync/syncstages_ff_reg[3]/C","cfo/windows/packed_head_reg[9]/CE","clk500","clk500","1.969","5","-0.007","0.035"
"clk500","-0.072","2.000","cfo/windows/poison_sync/syncstages_ff_reg[3]/C","cfo/observation_front/fft_core/bank1_reg_bram_0/DINADIN[21]","clk500","clk500","1.803","3","0.011","0.035"
"clk500","-0.072","2.000","cfo/observation_front/coefficient_page0_data_reg_0_1/CLKARDCLK","cfo/observation_front/pr4_reg_i_5_psdsp/D","clk500","clk500","2.007","2","-0.055","0.035"
"clk500","-0.071","2.000","cfo/windows/poison_sync/syncstages_ff_reg[3]/C","cfo/observation_front/fft_core/bank1_reg_bram_1/DINADIN[9]","clk500","clk500","1.799","3","0.011","0.035"
"clk500","-0.071","2.000","cfo/windows/poison_sync/syncstages_ff_reg[3]/C","cfo/observation_front/fft_core/bank1_reg_bram_0/DINADIN[9]","clk500","clk500","1.788","3","0.011","0.035"
"clk500","-0.068","2.000","cfo/windows/header_active_reg/C","cfo/windows/complete_windows/fifo/gnuram_async_fifo.xpm_fifo_base_inst/gen_sdpram.xpm_memory_base_inst/gen_wr_a.gen_word_narrow.mem_reg/ENARDEN","clk500","clk500","1.700","3","0.009","0.035"
"clk500","-0.068","2.000","cfo/windows/output_record_reg[80]/C","cfo/observation_front/fft_core/state_reg[0]/D","clk500","clk500","2.048","6","-0.010","0.035"
"clk500","-0.067","2.000","cfo/windows/poison_sync/syncstages_ff_reg[3]/C","cfo/observation_front/fft_core/bank1_reg_bram_0/ENARDEN","clk500","clk500","1.701","2","0.011","0.035"
"clk500","-0.067","2.000","cfo/windows/poison_sync/syncstages_ff_reg[3]/C","cfo/windows/packed_head_reg[30]/CE","clk500","clk500","1.964","5","-0.008","0.035"
"clk500","-0.067","2.000","cfo/windows/poison_sync/syncstages_ff_reg[3]/C","cfo/windows/packed_head_reg[3]/CE","clk500","clk500","1.964","5","-0.008","0.035"
"clk500","-0.067","2.000","cfo/windows/poison_sync/syncstages_ff_reg[3]/C","cfo/windows/packed_head_reg[85]/CE","clk500","clk500","1.964","5","-0.008","0.035"
"clk500","-0.067","2.000","cfo/windows/poison_sync/syncstages_ff_reg[3]/C","cfo/windows/packed_head_reg[94]/CE","clk500","clk500","1.964","5","-0.008","0.035"
"clk500","-0.065","2.000","cfo/windows/poison_sync/syncstages_ff_reg[3]/C","cfo/windows/packed_head_reg[23]/CE","clk500","clk500","1.962","5","-0.007","0.035"
"clk500","-0.065","2.000","cfo/windows/poison_sync/syncstages_ff_reg[3]/C","cfo/windows/packed_head_reg[40]/CE","clk500","clk500","1.962","5","-0.007","0.035"
"clk500","-0.065","2.000","cfo/windows/poison_sync/syncstages_ff_reg[3]/C","cfo/windows/packed_head_reg[52]/CE","clk500","clk500","1.962","5","-0.007","0.035"
"clk500","-0.065","2.000","cfo/windows/poison_sync/syncstages_ff_reg[3]/C","cfo/windows/packed_head_reg[8]/CE","clk500","clk500","1.962","5","-0.007","0.035"
"clk500","-0.065","2.000","cfo/windows/poison_sync/syncstages_ff_reg[3]/C","cfo/observation_front/fft_core/bank1_reg_bram_1/ADDRARDADDR[6]","clk500","clk500","1.781","3","0.011","0.035"
"clk500","-0.065","2.000","cfo/windows/poison_sync/syncstages_ff_reg[3]/C","cfo/observation_front/fft_core/bank1_reg_bram_1/DINADIN[13]","clk500","clk500","1.799","3","0.011","0.035"
"clk500","-0.065","2.000","cfo/windows/poison_sync/syncstages_ff_reg[3]/C","cfo/observation_front/fft_core/m_saturations_reg[3]/CE","clk500","clk500","1.962","3","-0.008","0.035"
"clk500","-0.065","2.000","cfo/windows/poison_sync/syncstages_ff_reg[3]/C","cfo/observation_front/fft_core/m_saturations_reg[4]/CE","clk500","clk500","1.962","3","-0.008","0.035"
"clk500","-0.065","2.000","cfo/windows/poison_sync/syncstages_ff_reg[3]/C","cfo/observation_front/fft_core/m_saturations_reg[5]/CE","clk500","clk500","1.962","3","-0.008","0.035"
"clk500","-0.065","2.000","cfo/windows/packed_windows/fifo/gnuram_async_fifo.xpm_fifo_base_inst/gen_sdpram.xpm_memory_base_inst/gen_wr_a.gen_word_narrow.mem_reg_bram_7/CLKBWRCLK","cfo/windows/packed_tail_reg[51]/D","clk500","clk500","2.000","0","-0.055","0.035"
"clk500","-0.064","2.000","cfo/observation_front/fft_core/offset_in_group_reg[0]/C","cfo/observation_front/fft_core/tw_index_reg_rep/ADDRARDADDR[10]","clk500","clk500","1.763","4","0.010","0.035"
"clk500","-0.064","2.000","cfo/observation_front/fft_core/offset_in_group_reg[0]/C","cfo/observation_front/fft_core/tw_index_reg_rep/ADDRARDADDR[6]","clk500","clk500","1.754","4","0.010","0.035"
"clk500","-0.064","2.000","cfo/observation_front/fft_core/next_output_reg[2]/C","cfo/observation_front/fft_core/bank0_reg_bram_1/ADDRBWRADDR[13]","clk500","clk500","1.710","4","0.010","0.035"
"clk500","-0.064","2.000","cfo/windows/poison_sync/syncstages_ff_reg[3]/C","cfo/windows/packed_windows/fifo/gnuram_async_fifo.xpm_fifo_base_inst/gen_sdpram.xpm_memory_base_inst/gen_wr_a.gen_word_narrow.mem_reg_bram_8/ENBWREN","clk500","clk500","1.699","3","0.012","0.035"
"clk500","-0.064","2.000","sfo/residual_estimator/front_stage/main/service/u_xfft/U0/i_synth/axi_wrapper/sclr_int_reg/C","sfo/residual_estimator/front_stage/main/service/u_xfft/U0/i_synth/xfft_inst/non_floating_point.arch_d.xfft_inst/has_bit_reverse.fixed_pt_size_muxed_addresses.read_addr_fixed_nfft_delay/need_sclr_lut.depth1_shift_ram.FF_gen[10].reg/D","clk500","clk500","2.046","1","-0.008","0.035"
"clk500","-0.063","2.000","cfo/observation_front/coefficient_page0_data_reg_0_1/CLKARDCLK","cfo/observation_front/pr4_reg_i_1_psdsp/D","clk500","clk500","1.998","2","-0.055","0.035"
"clk500","-0.063","2.000","sfo/residual_estimator/front_stage/main/service/u_xfft/U0/i_synth/axi_wrapper/sclr_int_reg/C","sfo/residual_estimator/front_stage/main/service/u_xfft/U0/i_synth/xfft_inst/non_floating_point.arch_d.xfft_inst/DOUT_CNT_CTRL_0/cnt/cnt_addsub/i_baseblox.i_baseblox_addsub/no_pipelining.the_addsub/i_lut6.i_lut6_addsub/i_q.i_simple.qreg/i_no_async_controls.output_reg[10]/R","clk500","clk500","1.946","0","-0.008","0.035"
"clk500","-0.063","2.000","sfo/residual_estimator/front_stage/main/service/u_xfft/U0/i_synth/axi_wrapper/sclr_int_reg/C","sfo/residual_estimator/front_stage/main/service/u_xfft/U0/i_synth/xfft_inst/non_floating_point.arch_d.xfft_inst/DOUT_CNT_CTRL_0/cnt/cnt_addsub/i_baseblox.i_baseblox_addsub/no_pipelining.the_addsub/i_lut6.i_lut6_addsub/i_q.i_simple.qreg/i_no_async_controls.output_reg[11]/R","clk500","clk500","1.946","0","-0.008","0.035"
"clk500","-0.063","2.000","sfo/residual_estimator/front_stage/main/service/u_xfft/U0/i_synth/axi_wrapper/sclr_int_reg/C","sfo/residual_estimator/front_stage/main/service/u_xfft/U0/i_synth/xfft_inst/non_floating_point.arch_d.xfft_inst/DOUT_CNT_CTRL_0/cnt/cnt_addsub/i_baseblox.i_baseblox_addsub/no_pipelining.the_addsub/i_lut6.i_lut6_addsub/i_q.i_simple.qreg/i_no_async_controls.output_reg[8]/R","clk500","clk500","1.946","0","-0.008","0.035"
"clk500","-0.063","2.000","sfo/residual_estimator/front_stage/main/service/u_xfft/U0/i_synth/axi_wrapper/sclr_int_reg/C","sfo/residual_estimator/front_stage/main/service/u_xfft/U0/i_synth/xfft_inst/non_floating_point.arch_d.xfft_inst/DOUT_CNT_CTRL_0/cnt/cnt_addsub/i_baseblox.i_baseblox_addsub/no_pipelining.the_addsub/i_lut6.i_lut6_addsub/i_q.i_simple.qreg/i_no_async_controls.output_reg[9]/R","clk500","clk500","1.946","0","-0.008","0.035"
"clk500","-0.063","2.000","sfo/residual_estimator/front_stage/main/service/u_xfft/U0/i_synth/axi_wrapper/sclr_int_reg/C","sfo/residual_estimator/front_stage/main/service/u_xfft/U0/i_synth/xfft_inst/non_floating_point.arch_d.xfft_inst/FLOW/reset_sustain.resets_4_pes[1].delay_reset_pe/count_addsub_reg[0].addsub_reg/R","clk500","clk500","1.946","0","-0.008","0.035"
"clk500","-0.063","2.000","sfo/residual_estimator/front_stage/main/service/u_xfft/U0/i_synth/axi_wrapper/sclr_int_reg/C","sfo/residual_estimator/front_stage/main/service/u_xfft/U0/i_synth/xfft_inst/non_floating_point.arch_d.xfft_inst/FLOW/reset_sustain.resets_4_pes[1].delay_reset_pe/count_addsub_reg[1].addsub_reg/R","clk500","clk500","1.946","0","-0.008","0.035"
"clk500","-0.063","2.000","sfo/residual_estimator/front_stage/main/service/u_xfft/U0/i_synth/axi_wrapper/sclr_int_reg/C","sfo/residual_estimator/front_stage/main/service/u_xfft/U0/i_synth/xfft_inst/non_floating_point.arch_d.xfft_inst/FLOW/reset_sustain.resets_4_pes[1].delay_reset_pe/count_addsub_reg[2].addsub_reg/R","clk500","clk500","1.946","0","-0.008","0.035"
"clk500","-0.063","2.000","sfo/residual_estimator/front_stage/main/service/u_xfft/U0/i_synth/axi_wrapper/sclr_int_reg/C","sfo/residual_estimator/front_stage/main/service/u_xfft/U0/i_synth/xfft_inst/non_floating_point.arch_d.xfft_inst/FLOW/reset_sustain.resets_4_pes[1].delay_reset_pe/count_addsub_reg[3].addsub_reg/R","clk500","clk500","1.946","0","-0.008","0.035"
"clk500","-0.062","2.000","sfo/residual_estimator/front_stage/main/service/u_xfft/U0/i_synth/axi_wrapper/sclr_int_reg/C","sfo/residual_estimator/front_stage/main/service/u_xfft/U0/i_synth/xfft_inst/non_floating_point.arch_d.xfft_inst/FLOW/reset_sustain.resets_4_pes[1].delay_reset_pe/count_addsub_reg[4].addsub_reg/R","clk500","clk500","1.945","0","-0.008","0.035"
"clk500","-0.061","2.000","cfo/windows/poison_sync/syncstages_ff_reg[3]/C","cfo/observation_front/fft_core/bank1_reg_bram_0/DINADIN[18]","clk500","clk500","1.789","3","0.011","0.035"
"clk500","-0.060","2.000","cfo/windows/poison_sync/syncstages_ff_reg[3]/C","cfo/windows/packed_head_reg[36]/CE","clk500","clk500","1.957","5","-0.008","0.035"
"clk500","-0.060","2.000","cfo/windows/poison_sync/syncstages_ff_reg[3]/C","cfo/windows/packed_head_reg[70]/CE","clk500","clk500","1.957","5","-0.008","0.035"
"clk500","-0.060","2.000","cfo/windows/poison_sync/syncstages_ff_reg[3]/C","cfo/windows/packed_head_reg[72]/CE","clk500","clk500","1.957","5","-0.008","0.035"
"clk500","-0.060","2.000","cfo/windows/poison_sync/syncstages_ff_reg[3]/C","cfo/windows/packed_head_reg[84]/CE","clk500","clk500","1.957","5","-0.008","0.035"
"clk500","-0.060","2.000","cfo/windows/poison_sync/syncstages_ff_reg[3]/C","cfo/observation_front/fft_core/bank0_reg_bram_1/ENARDEN","clk500","clk500","1.696","2","0.013","0.035"
"clk500","-0.057","2.000","cfo/windows/poison_sync/syncstages_ff_reg[3]/C","cfo/windows/packed_head_reg[0]/CE","clk500","clk500","1.954","5","-0.007","0.035"
"clk500","-0.056","2.000","cfo/windows/poison_sync/syncstages_ff_reg[3]/C","cfo/observation_front/fft_core/bank1_reg_bram_0/DINADIN[17]","clk500","clk500","1.763","3","0.011","0.035"
"clk500","-0.056","2.000","cfo/windows/poison_sync/syncstages_ff_reg[3]/C","cfo/windows/packed_head_reg[79]/CE","clk500","clk500","1.953","5","-0.007","0.035"
"clk500","-0.055","2.000","cfo/observation_front/fft_core/next_output_reg[2]/C","cfo/observation_front/fft_core/bank0_reg_bram_1/ADDRBWRADDR[6]","clk500","clk500","1.745","4","0.010","0.035"
"clk500","-0.055","2.000","cfo/windows/output_record_reg[80]/C","cfo/observation_front/fft_core/state_reg[2]_replica/CE","clk500","clk500","1.951","6","-0.009","0.035"
"clk500","-0.054","2.000","cfo/observation_front/coefficient_page0_data_reg_0_1/CLKARDCLK","cfo/observation_front/pr4_reg_i_1_psdsp_1/D","clk500","clk500","1.989","2","-0.055","0.035"
"clk500","-0.053","2.000","cfo/windows/poison_sync/syncstages_ff_reg[3]/C","cfo/observation_front/fft_core/bank1_reg_bram_1/ADDRARDADDR[12]","clk500","clk500","1.774","3","0.011","0.035"
"clk500","-0.053","2.000","cfo/windows/poison_sync/syncstages_ff_reg[3]/C","cfo/observation_front/fft_core/bank1_reg_bram_0/DINADIN[20]","clk500","clk500","1.790","3","0.011","0.035"
"clk500","-0.052","2.000","cfo/windows/poison_sync/syncstages_ff_reg[3]/C","cfo/windows/packed_head_reg[105]/CE","clk500","clk500","1.949","5","-0.007","0.035"
"clk500","-0.052","2.000","cfo/windows/poison_sync/syncstages_ff_reg[3]/C","cfo/windows/packed_head_reg[32]/CE","clk500","clk500","1.949","5","-0.007","0.035"
"clk500","-0.052","2.000","cfo/windows/poison_sync/syncstages_ff_reg[3]/C","cfo/windows/packed_head_reg[47]/CE","clk500","clk500","1.949","5","-0.007","0.035"
"clk500","-0.052","2.000","cfo/windows/poison_sync/syncstages_ff_reg[3]/C","cfo/windows/packed_head_reg[96]/CE","clk500","clk500","1.949","5","-0.007","0.035"
"clk500","-0.052","2.000","cfo/windows/poison_sync/syncstages_ff_reg[3]/C","cfo/observation_front/fft_core/bank1_reg_bram_1/DINADIN[3]","clk500","clk500","1.784","3","0.011","0.035"
"clk500","-0.051","2.000","cfo/windows/output_record_reg[80]/C","cfo/observation_front/fft_core/state_reg[0]/CE","clk500","clk500","1.947","6","-0.010","0.035"
"clk500","-0.051","2.000","cfo/windows/output_record_reg[80]/C","cfo/observation_front/fft_core/state_reg[1]/CE","clk500","clk500","1.947","6","-0.010","0.035"
"clk500","-0.051","2.000","cfo/windows/output_record_reg[80]/C","cfo/observation_front/fft_core/state_reg[2]/CE","clk500","clk500","1.947","6","-0.010","0.035"
"clk500","-0.051","2.000","cfo/windows/poison_sync/syncstages_ff_reg[3]/C","cfo/windows/output_record_reg[44]/CE","clk500","clk500","1.948","4","-0.007","0.035"
"clk500","-0.051","2.000","cfo/windows/poison_sync/syncstages_ff_reg[3]/C","cfo/windows/output_record_reg[46]/CE","clk500","clk500","1.948","4","-0.007","0.035"
"clk500","-0.051","2.000","cfo/windows/poison_sync/syncstages_ff_reg[3]/C","cfo/windows/packed_head_reg[59]/CE","clk500","clk500","1.948","5","-0.008","0.035"
"clk500","-0.051","2.000","cfo/windows/poison_sync/syncstages_ff_reg[3]/C","cfo/windows/packed_head_reg[64]/CE","clk500","clk500","1.948","5","-0.008","0.035"
"clk500","-0.049","2.000","cfo/windows/poison_sync/syncstages_ff_reg[3]/C","cfo/windows/packed_windows/fifo/gnuram_async_fifo.xpm_fifo_base_inst/gen_sdpram.xpm_memory_base_inst/gen_wr_a.gen_word_narrow.mem_reg_bram_9/ENBWREN","clk500","clk500","1.684","3","0.012","0.035"
"clk500","-0.048","2.000","cfo/observation_front/fft_core/stage_index_reg[0]/C","cfo/observation_front/fft_core/next_output_reg[1]/CE","clk500","clk500","1.943","4","-0.010","0.035"
"clk500","-0.048","2.000","sfo/residual_estimator/aux_service/u_xfft/U0/i_synth/xfft_inst/non_floating_point.arch_d.xfft_inst/FLOW/load_enable_reg/C","sfo/residual_estimator/aux_service/u_ingress_fifo/gnuram_async_fifo.xpm_fifo_base_inst/rdp_inst/count_value_i_reg[8]/D","clk500","clk500","2.030","5","-0.008","0.035"
"clk500","-0.047","2.000","cfo/windows/poison_sync/syncstages_ff_reg[3]/C","cfo/windows/packed_head_reg[34]/CE","clk500","clk500","1.944","5","-0.008","0.035"
"clk500","-0.047","2.000","cfo/windows/poison_sync/syncstages_ff_reg[3]/C","cfo/windows/packed_head_reg[66]/CE","clk500","clk500","1.944","5","-0.008","0.035"
"clk500","-0.047","2.000","cfo/windows/poison_sync/syncstages_ff_reg[3]/C","cfo/windows/packed_head_reg[91]/CE","clk500","clk500","1.944","5","-0.008","0.035"
"clk500","-0.047","2.000","cfo/windows/poison_sync/syncstages_ff_reg[3]/C","cfo/windows/packed_head_reg[98]/CE","clk500","clk500","1.944","5","-0.008","0.035"
"clk500","-0.047","2.000","cfo/windows/poison_sync/syncstages_ff_reg[3]/C","cfo/windows/output_record_reg[71]/CE","clk500","clk500","1.944","4","-0.007","0.035"
"clk500","-0.047","2.000","cfo/windows/poison_sync/syncstages_ff_reg[3]/C","cfo/windows/output_record_reg[95]/CE","clk500","clk500","1.944","4","-0.007","0.035"
"clk500","-0.046","2.000","cfo/observation_front/fft_core/stage_index_reg[0]/C","cfo/observation_front/fft_core/next_output_reg[0]/CE","clk500","clk500","1.941","4","-0.010","0.035"
"clk500","-0.046","2.000","cfo/windows/poison_sync/syncstages_ff_reg[3]/C","cfo/observation_front/fft_core/bank1_reg_bram_1/ADDRARDADDR[5]","clk500","clk500","1.737","3","0.011","0.035"
"clk500","-0.046","2.000","cfo/windows/poison_sync/syncstages_ff_reg[3]/C","cfo/windows/output_record_reg[100]/CE","clk500","clk500","1.943","4","-0.007","0.035"
"clk500","-0.046","2.000","cfo/windows/poison_sync/syncstages_ff_reg[3]/C","cfo/windows/output_record_reg[80]/CE","clk500","clk500","1.943","4","-0.007","0.035"
"clk500","-0.045","2.000","cfo/observation_front/fft_core/offset_in_group_reg[0]/C","cfo/observation_front/fft_core/tw_index_reg_rep/ADDRARDADDR[9]","clk500","clk500","1.743","4","0.010","0.035"
"clk500","-0.044","2.000","sfo/residual_estimator/aux_service/u_xfft/U0/i_synth/xfft_inst/non_floating_point.arch_d.xfft_inst/FLOW/load_enable_reg/C","sfo/residual_estimator/aux_service/u_ingress_fifo/gnuram_async_fifo.xpm_fifo_base_inst/rdp_inst/count_value_i_reg[6]/D","clk500","clk500","2.026","5","-0.008","0.035"
"clk500","-0.043","2.000","sfo/residual_estimator/front_stage/main/service/u_xfft/U0/i_synth/axi_wrapper/data_in_channel_fifo/gen_real_time.full_reg/C","sfo/residual_estimator/front_stage/main/service/u_ingress_fifo/gnuram_async_fifo.xpm_fifo_base_inst/gen_sdpram.xpm_memory_base_inst/gen_wr_a.gen_word_wide.mem_reg_bram_1/ENARDEN","clk500","clk500","1.676","3","0.010","0.035"
"clk500","-0.043","2.000","cfo/windows/poison_sync/syncstages_ff_reg[3]/C","cfo/windows/window_credits/fifo/gnuram_async_fifo.xpm_fifo_base_inst/wrp_inst/count_value_i_reg[3]/CE","clk500","clk500","1.940","4","-0.008","0.035"
"clk500","-0.043","2.000","cfo/windows/poison_sync/syncstages_ff_reg[3]/C","cfo/windows/window_credits/fifo/gnuram_async_fifo.xpm_fifo_base_inst/wrp_inst/count_value_i_reg[4]/CE","clk500","clk500","1.941","4","-0.008","0.035"
"clk500","-0.042","2.000","cfo/observation_front/fft_core/next_output_reg[2]/C","cfo/observation_front/fft_core/bank0_reg_bram_0/ADDRBWRADDR[7]","clk500","clk500","1.732","4","0.010","0.035"
"clk500","-0.042","2.000","cfo/observation_front/fft_core/state_reg[0]/C","cfo/observation_front/fft_core/bank1_reg_bram_0/DINADIN[28]","clk500","clk500","1.776","2","0.011","0.035"
"clk500","-0.041","2.000","cfo/windows/poison_sync/syncstages_ff_reg[3]/C","cfo/observation_front/fft_core/bank0_reg_bram_1/ADDRARDADDR[8]","clk500","clk500","1.742","2","0.013","0.035"
"clk500","-0.040","2.000","cfo/windows/poison_sync/syncstages_ff_reg[3]/C","cfo/windows/packed_head_reg[116]/CE","clk500","clk500","1.937","5","-0.008","0.035"
"clk500","-0.040","2.000","cfo/windows/poison_sync/syncstages_ff_reg[3]/C","cfo/windows/packed_head_reg[15]/CE","clk500","clk500","1.937","5","-0.008","0.035"
"clk500","-0.040","2.000","cfo/windows/poison_sync/syncstages_ff_reg[3]/C","cfo/windows/packed_head_reg[26]/CE","clk500","clk500","1.937","5","-0.008","0.035"
"clk500","-0.040","2.000","cfo/windows/poison_sync/syncstages_ff_reg[3]/C","cfo/windows/packed_head_reg[87]/CE","clk500","clk500","1.937","5","-0.008","0.035"
"clk500","-0.040","2.000","cfo/windows/poison_sync/syncstages_ff_reg[3]/C","cfo/observation_front/fft_core/bank1_reg_bram_1/ENARDEN","clk500","clk500","1.674","2","0.011","0.035"
"clk500","-0.040","2.000","sfo/residual_estimator/front_stage/main/service/u_xfft/U0/i_synth/axi_wrapper/sclr_int_reg/C","sfo/residual_estimator/front_stage/main/service/u_xfft/U0/i_synth/xfft_inst/non_floating_point.arch_d.xfft_inst/has_bit_reverse.fixed_pt_size_muxed_addresses.read_addr_fixed_nfft_delay/need_sclr_lut.depth1_shift_ram.FF_gen[0].reg/D","clk500","clk500","2.022","1","-0.008","0.035"
"clk500","-0.040","2.000","cfo/observation_front/fft_core/next_output_reg[2]/C","cfo/observation_front/fft_core/bank0_reg_bram_0/ENBWREN","clk500","clk500","1.673","4","0.010","0.035"
"clk500","-0.039","2.000","cfo/windows/poison_sync/syncstages_ff_reg[3]/C","cfo/observation_front/fft_core/bank1_reg_bram_1/ADDRARDADDR[7]","clk500","clk500","1.737","3","0.011","0.035"
"clk500","-0.039","2.000","cfo/observation_front/fft_core/next_output_reg[2]/C","cfo/observation_front/fft_core/bank0_reg_bram_1/ADDRBWRADDR[8]","clk500","clk500","1.709","4","0.010","0.035"
"clk500","-0.039","2.000","cfo/windows/poison_sync/syncstages_ff_reg[3]/C","cfo/observation_front/fft_core/bank1_reg_bram_0/ADDRARDADDR[9]","clk500","clk500","1.738","3","0.011","0.035"
"clk500","-0.038","2.000","cfo/windows/poison_sync/syncstages_ff_reg[3]/C","cfo/observation_front/fft_core/bank1_reg_bram_1/DINADIN[8]","clk500","clk500","1.753","3","0.011","0.035"
"clk500","-0.037","2.000","cfo/windows/poison_sync/syncstages_ff_reg[3]/C","cfo/windows/packed_head_reg[124]/CE","clk500","clk500","1.934","5","-0.008","0.035"
"clk500","-0.037","2.000","cfo/windows/poison_sync/syncstages_ff_reg[3]/C","cfo/windows/packed_head_reg[21]/CE","clk500","clk500","1.934","5","-0.008","0.035"
"clk500","-0.037","2.000","cfo/windows/poison_sync/syncstages_ff_reg[3]/C","cfo/windows/packed_head_reg[63]/CE","clk500","clk500","1.934","5","-0.008","0.035"
"clk500","-0.037","2.000","cfo/windows/poison_sync/syncstages_ff_reg[3]/C","cfo/windows/packed_head_reg[90]/CE","clk500","clk500","1.934","5","-0.008","0.035"
"clk500","-0.037","2.000","cfo/windows/poison_sync/syncstages_ff_reg[3]/C","cfo/observation_front/fft_core/m_saturations_reg[13]/CE","clk500","clk500","1.934","3","-0.008","0.035"
"clk500","-0.037","2.000","cfo/windows/poison_sync/syncstages_ff_reg[3]/C","cfo/observation_front/fft_core/m_saturations_reg[15]/CE","clk500","clk500","1.934","3","-0.008","0.035"
"clk500","-0.037","2.000","cfo/windows/poison_sync/syncstages_ff_reg[3]/C","cfo/observation_front/fft_core/m_saturations_reg[1]/CE","clk500","clk500","1.934","3","-0.008","0.035"
"clk500","-0.037","2.000","cfo/windows/poison_sync/syncstages_ff_reg[3]/C","cfo/observation_front/fft_core/m_saturations_reg[8]/CE","clk500","clk500","1.934","3","-0.008","0.035"
"clk500","-0.037","2.000","cfo/windows/poison_sync/syncstages_ff_reg[3]/C","cfo/windows/packed_windows/fifo/gnuram_async_fifo.xpm_fifo_base_inst/gen_sdpram.xpm_memory_base_inst/gen_wr_a.gen_word_narrow.mem_reg_bram_6/ENBWREN","clk500","clk500","1.672","3","0.012","0.035"
"clk500","-0.036","2.000","cfo/windows/poison_sync/syncstages_ff_reg[3]/C","cfo/windows/packed_head_reg[38]/CE","clk500","clk500","1.933","5","-0.007","0.035"
"clk500","-0.036","2.000","cfo/windows/poison_sync/syncstages_ff_reg[3]/C","cfo/windows/packed_head_reg[89]/CE","clk500","clk500","1.933","5","-0.007","0.035"
"clk500","-0.036","2.000","cfo/windows/poison_sync/syncstages_ff_reg[3]/C","cfo/windows/packed_head_reg[93]/CE","clk500","clk500","1.933","5","-0.007","0.035"
"clk500","-0.036","2.000","cfo/windows/poison_sync/syncstages_ff_reg[3]/C","cfo/windows/packed_head_reg[95]/CE","clk500","clk500","1.933","5","-0.007","0.035"
"clk500","-0.036","2.000","cfo/windows/poison_sync/syncstages_ff_reg[3]/C","cfo/windows/packed_windows/fifo/gnuram_async_fifo.xpm_fifo_base_inst/gen_sdpram.xpm_memory_base_inst/gen_wr_a.gen_word_narrow.mem_reg_bram_14/ENBWREN","clk500","clk500","1.672","3","0.013","0.035"
"clk500","-0.035","2.000","cfo/windows/poison_sync/syncstages_ff_reg[3]/C","cfo/windows/packed_head_reg[102]/CE","clk500","clk500","1.932","5","-0.008","0.035"
"clk500","-0.035","2.000","cfo/windows/poison_sync/syncstages_ff_reg[3]/C","cfo/windows/packed_head_reg[104]/CE","clk500","clk500","1.932","5","-0.008","0.035"
"clk500","-0.035","2.000","cfo/windows/poison_sync/syncstages_ff_reg[3]/C","cfo/windows/packed_head_reg[27]/CE","clk500","clk500","1.932","5","-0.008","0.035"
"clk500","-0.035","2.000","cfo/windows/poison_sync/syncstages_ff_reg[3]/C","cfo/windows/packed_head_reg[28]/CE","clk500","clk500","1.932","5","-0.008","0.035"
"clk500","-0.034","2.000","cfo/observation_front/coefficient_page0_data_reg_0_1/CLKARDCLK","cfo/observation_front/rr3_reg_i_3_psdsp_1/D","clk500","clk500","1.969","2","-0.055","0.035"
"clk500","-0.033","2.000","sfo/residual_estimator/aux_service/u_xfft/U0/i_synth/xfft_inst/non_floating_point.arch_d.xfft_inst/FLOW/load_enable_reg/C","sfo/residual_estimator/aux_service/u_ingress_fifo/gnuram_async_fifo.xpm_fifo_base_inst/rdp_inst/count_value_i_reg[7]/D","clk500","clk500","2.015","5","-0.008","0.035"
"clk500","-0.033","2.000","cfo/observation_front/fft_core/next_output_reg[2]/C","cfo/observation_front/fft_core/bank0_reg_bram_1/ADDRBWRADDR[4]","clk500","clk500","1.646","4","0.010","0.035"
"clk500","-0.033","2.000","cfo/windows/poison_sync/syncstages_ff_reg[3]/C","cfo/observation_front/fft_core/m_saturations_reg[6]/CE","clk500","clk500","1.930","3","-0.008","0.035"
"clk500","-0.033","2.000","cfo/windows/poison_sync/syncstages_ff_reg[3]/C","cfo/observation_front/fft_core/m_saturations_reg[7]/CE","clk500","clk500","1.930","3","-0.008","0.035"
"clk500","-0.033","2.000","cfo/windows/poison_sync/syncstages_ff_reg[3]/C","cfo/observation_front/fft_core/m_saturations_reg[9]/CE","clk500","clk500","1.930","3","-0.008","0.035"
"clk500","-0.033","2.000","cfo/observation_front/coefficient_page0_data_reg_0_1/CLKARDCLK","cfo/observation_front/rr3_reg_i_3_psdsp/D","clk500","clk500","1.968","2","-0.055","0.035"
"clk500","-0.033","2.000","cfo/observation_front/fft_core/next_output_reg[2]/C","cfo/observation_front/fft_core/bank0_reg_bram_1/ADDRBWRADDR[7]","clk500","clk500","1.702","4","0.010","0.035"
"clk500","-0.032","2.000","cfo/observation_front/fft_core/state_reg[0]/C","cfo/observation_front/fft_core/bank1_reg_bram_0/DINADIN[29]","clk500","clk500","1.739","2","0.011","0.035"
"clk500","-0.032","2.000","cfo/windows/poison_sync/syncstages_ff_reg[3]/C","cfo/observation_front/fft_core/bank1_reg_bram_0/DINADIN[23]","clk500","clk500","1.762","3","0.011","0.035"
"clk500","-0.031","2.000","cfo/windows/poison_sync/syncstages_ff_reg[3]/C","cfo/observation_front/fft_core/bank1_reg_bram_1/DINADIN[1]","clk500","clk500","1.731","3","0.011","0.035"
"clk500","-0.031","2.000","cfo/windows/poison_sync/syncstages_ff_reg[3]/C","cfo/windows/output_record_reg[69]/CE","clk500","clk500","1.928","4","-0.008","0.035"
"clk500","-0.031","2.000","cfo/windows/poison_sync/syncstages_ff_reg[3]/C","cfo/windows/packed_head_reg[121]/CE","clk500","clk500","1.928","5","-0.008","0.035"
"clk500","-0.031","2.000","cfo/windows/poison_sync/syncstages_ff_reg[3]/C","cfo/windows/packed_head_reg[42]/CE","clk500","clk500","1.928","5","-0.007","0.035"
"clk500","-0.031","2.000","cfo/windows/poison_sync/syncstages_ff_reg[3]/C","cfo/windows/packed_head_reg[69]/CE","clk500","clk500","1.928","5","-0.008","0.035"
"clk500","-0.031","2.000","cfo/windows/poison_sync/syncstages_ff_reg[3]/C","cfo/windows/packed_head_reg[6]/CE","clk500","clk500","1.928","5","-0.008","0.035"
"clk500","-0.031","2.000","cfo/windows/poison_sync/syncstages_ff_reg[3]/C","cfo/windows/packed_head_reg[74]/CE","clk500","clk500","1.928","5","-0.007","0.035"
"clk500","-0.031","2.000","cfo/windows/poison_sync/syncstages_ff_reg[3]/C","cfo/windows/packed_head_reg[86]/CE","clk500","clk500","1.928","5","-0.008","0.035"
"clk500","-0.031","2.000","cfo/windows/poison_sync/syncstages_ff_reg[3]/C","cfo/observation_front/fft_core/bank1_reg_bram_1/DINADIN[11]","clk500","clk500","1.741","3","0.011","0.035"
"clk500","-0.029","2.000","cfo/windows/poison_sync/syncstages_ff_reg[3]/C","cfo/observation_front/fft_core/bank1_reg_bram_0/ADDRARDADDR[7]","clk500","clk500","1.738","3","0.011","0.035"
"clk500","-0.028","2.000","cfo/windows/poison_sync/syncstages_ff_reg[3]/C","cfo/windows/packed_windows/fifo/gnuram_async_fifo.xpm_fifo_base_inst/rdpp1_inst/count_value_i_reg[10]/D","clk500","clk500","2.010","6","-0.008","0.035"
"clk500","-0.027","2.000","cfo/windows/poison_sync/syncstages_ff_reg[3]/C","cfo/observation_front/fft_core/bank1_reg_bram_0/DINADIN[12]","clk500","clk500","1.766","3","0.011","0.035"
"clk500","-0.027","2.000","sfo/residual_estimator/front_stage/main/service/u_xfft/U0/i_synth/xfft_inst/non_floating_point.arch_d.xfft_inst/pe_gen[0].natural_order_input.PE/has_TW_mult.TW/MUX0/four_inputs.use_lut6.no_lut_sclr.four_to_one_mux[0].latency1.reg/C","sfo/residual_estimator/front_stage/main/service/u_xfft/U0/i_synth/xfft_inst/non_floating_point.arch_d.xfft_inst/pe_gen[0].natural_order_input.PE/has_TW_mult.TW/twiddle_generator/tw1.twgen1/sin_addr_2s_comp/use_output_reg.D_OUT_reg[5]/D","clk500","clk500","2.010","2","-0.007","0.035"
"clk500","-0.026","2.000","cfo/windows/poison_sync/syncstages_ff_reg[3]/C","cfo/windows/packed_head_reg[85]/D","clk500","clk500","2.008","5","-0.008","0.035"
"clk500","-0.026","2.000","cfo/observation_front/fft_core/next_output_reg[2]/C","cfo/observation_front/fft_core/bank0_reg_bram_0/ADDRBWRADDR[13]","clk500","clk500","1.711","4","0.010","0.035"
"clk500","-0.025","2.000","sfo/residual_estimator/front_stage/main/service/u_xfft/U0/i_synth/axi_wrapper/sclr_int_reg/C","sfo/residual_estimator/front_stage/main/service/u_xfft/U0/i_synth/xfft_inst/non_floating_point.arch_d.xfft_inst/FLOW/reset_sustain.resets_4_pes[0].delay_reset_pe/tc_reg/S","clk500","clk500","1.908","0","-0.008","0.035"
"clk500","-0.024","2.000","cfo/windows/poison_sync/syncstages_ff_reg[3]/C","cfo/windows/packed_head_reg[94]/D","clk500","clk500","2.006","5","-0.008","0.035"
"clk500","-0.024","2.000","cfo/observation_front/fft_core/next_output_reg[2]/C","cfo/observation_front/fft_core/bank0_reg_bram_0/ADDRBWRADDR[6]","clk500","clk500","1.712","4","0.010","0.035"
"clk500","-0.023","2.000","cfo/windows/header_active_reg/C","cfo/windows/complete_windows/fifo/gnuram_async_fifo.xpm_fifo_base_inst/gen_sdpram.xpm_memory_base_inst/gen_wr_a.gen_word_narrow.mem_reg/REGCEAREGCE","clk500","clk500","1.764","3","0.009","0.035"
"clk500","-0.022","2.000","cfo/windows/packed_windows/fifo/gnuram_async_fifo.xpm_fifo_base_inst/gen_sdpram.xpm_memory_base_inst/gen_wr_a.gen_word_narrow.mem_reg_bram_14/CLKBWRCLK","cfo/windows/packed_head_reg[127]/D","clk500","clk500","1.956","1","-0.056","0.035"
"clk500","-0.022","2.000","cfo/windows/poison_sync/syncstages_ff_reg[3]/C","cfo/windows/packed_windows/fifo/gnuram_async_fifo.xpm_fifo_base_inst/gen_sdpram.xpm_memory_base_inst/gen_wr_a.gen_word_narrow.mem_reg_bram_0/ENBWREN","clk500","clk500","1.657","3","0.012","0.035"
"clk500","-0.022","2.000","cfo/windows/poison_sync/syncstages_ff_reg[3]/C","cfo/windows/output_record_reg[12]/CE","clk500","clk500","1.919","4","-0.008","0.035"
"clk500","-0.022","2.000","cfo/windows/poison_sync/syncstages_ff_reg[3]/C","cfo/windows/output_record_reg[7]/CE","clk500","clk500","1.919","4","-0.008","0.035"
"clk500","-0.021","2.000","cfo/windows/poison_sync/syncstages_ff_reg[3]/C","cfo/windows/output_record_reg[129]/CE","clk500","clk500","1.918","4","-0.008","0.035"
"clk500","-0.021","2.000","cfo/windows/poison_sync/syncstages_ff_reg[3]/C","cfo/windows/output_record_reg[55]/CE","clk500","clk500","1.918","4","-0.007","0.035"
"clk500","-0.021","2.000","cfo/windows/poison_sync/syncstages_ff_reg[3]/C","cfo/windows/packed_head_reg[4]/D","clk500","clk500","2.003","5","-0.008","0.035"
"clk500","-0.020","2.000","cfo/windows/poison_sync/syncstages_ff_reg[3]/C","cfo/windows/output_record_reg[54]/CE","clk500","clk500","1.917","4","-0.007","0.035"
"clk500","-0.020","2.000","cfo/windows/poison_sync/syncstages_ff_reg[3]/C","cfo/windows/output_record_reg[63]/CE","clk500","clk500","1.917","4","-0.007","0.035"
"clk500","-0.020","2.000","cfo/windows/poison_sync/syncstages_ff_reg[3]/C","cfo/windows/packed_windows/fifo/gnuram_async_fifo.xpm_fifo_base_inst/rdpp1_inst/count_value_i_reg[11]/D","clk500","clk500","2.002","6","-0.008","0.035"
"clk500","-0.019","2.000","cfo/observation_front/fft_core/state_reg[0]/C","cfo/observation_front/fft_core/bank1_reg_bram_1/DINADIN[15]","clk500","clk500","1.677","2","0.011","0.035"
"clk500","-0.019","2.000","cfo/windows/poison_sync/syncstages_ff_reg[3]/C","cfo/windows/output_record_reg[104]/CE","clk500","clk500","1.916","4","-0.007","0.035"
"clk500","-0.019","2.000","cfo/windows/poison_sync/syncstages_ff_reg[3]/C","cfo/windows/output_record_reg[113]/CE","clk500","clk500","1.916","4","-0.007","0.035"
"clk500","-0.019","2.000","cfo/windows/poison_sync/syncstages_ff_reg[3]/C","cfo/windows/output_record_reg[133]/CE","clk500","clk500","1.916","4","-0.007","0.035"
"clk500","-0.019","2.000","cfo/windows/poison_sync/syncstages_ff_reg[3]/C","cfo/windows/output_record_reg[67]/CE","clk500","clk500","1.916","4","-0.007","0.035"
"clk500","-0.018","2.000","cfo/windows/poison_sync/syncstages_ff_reg[3]/C","cfo/observation_front/fft_core/bank1_reg_bram_1/DINADIN[4]","clk500","clk500","1.733","3","0.011","0.035"
"clk500","-0.018","2.000","cfo/windows/poison_sync/syncstages_ff_reg[3]/C","cfo/windows/output_record_reg[110]/CE","clk500","clk500","1.916","4","-0.007","0.035"
"clk500","-0.018","2.000","cfo/windows/poison_sync/syncstages_ff_reg[3]/C","cfo/windows/output_record_reg[132]/CE","clk500","clk500","1.916","4","-0.007","0.035"
"clk500","-0.018","2.000","cfo/windows/poison_sync/syncstages_ff_reg[3]/C","cfo/windows/output_record_reg[58]/CE","clk500","clk500","1.916","4","-0.007","0.035"
"clk500","-0.018","2.000","cfo/windows/poison_sync/syncstages_ff_reg[3]/C","cfo/windows/output_record_reg[96]/CE","clk500","clk500","1.916","4","-0.007","0.035"
"clk500","-0.017","2.000","cfo/windows/poison_sync/syncstages_ff_reg[3]/C","cfo/observation_front/fft_core/bank0_reg_bram_0/DINADIN[12]","clk500","clk500","1.756","2","0.011","0.035"
"clk500","-0.017","2.000","cfo/windows/poison_sync/syncstages_ff_reg[3]/C","cfo/observation_front/fft_core/bank1_reg_bram_0/DINADIN[7]","clk500","clk500","1.745","3","0.011","0.035"
"clk500","-0.017","2.000","cfo/observation_front/fft_core/state_reg[0]/C","cfo/observation_front/fft_core/bank0_reg_bram_1/ADDRARDADDR[7]","clk500","clk500","1.712","2","0.013","0.035"
"clk500","-0.017","2.000","cfo/observation_front/coefficient_page0_data_reg_0_1/CLKARDCLK","cfo/observation_front/pr4_reg_i_4_psdsp/D","clk500","clk500","1.952","2","-0.055","0.035"
"clk500","-0.016","2.000","cfo/windows/poison_sync/syncstages_ff_reg[3]/C","cfo/windows/packed_head_reg[122]/D","clk500","clk500","1.998","5","-0.008","0.035"
"clk500","-0.015","2.000","cfo/observation_front/fft_core/stage_index_reg[0]/C","cfo/observation_front/fft_core/next_output_reg[4]/CE","clk500","clk500","1.910","4","-0.010","0.035"
"clk500","-0.015","2.000","cfo/observation_front/fft_core/stage_index_reg[0]/C","cfo/observation_front/fft_core/next_output_reg[8]/CE","clk500","clk500","1.910","4","-0.010","0.035"
"clk500","-0.015","2.000","cfo/observation_front/fft_core/stage_index_reg[0]/C","cfo/observation_front/fft_core/next_output_reg[9]/CE","clk500","clk500","1.910","4","-0.010","0.035"
"clk500","-0.015","2.000","cfo/windows/poison_sync/syncstages_ff_reg[3]/C","cfo/observation_front/fft_core/bank1_reg_bram_0/DINPADINP[2]","clk500","clk500","1.765","3","0.011","0.035"
"clk500","-0.015","2.000","cfo/observation_front/fft_core/next_output_reg[2]/C","cfo/observation_front/fft_core/bank0_reg_bram_1/ADDRBWRADDR[10]","clk500","clk500","1.687","4","0.010","0.035"
"clk500","-0.014","2.000","cfo/windows/output_record_reg[80]/C","cfo/observation_front/fft_core/m_error_reg[0]/CE","clk500","clk500","1.910","6","-0.010","0.035"
"clk500","-0.014","2.000","cfo/windows/packed_windows/fifo/gnuram_async_fifo.xpm_fifo_base_inst/gen_sdpram.xpm_memory_base_inst/gen_wr_a.gen_word_narrow.mem_reg_bram_7/CLKBWRCLK","cfo/windows/packed_head_reg[56]/D","clk500","clk500","1.948","1","-0.056","0.035"
"clk500","-0.013","2.000","cfo/observation_front/fft_core/state_reg[0]/C","cfo/observation_front/fft_core/bank1_reg_bram_0/DINPADINP[3]","clk500","clk500","1.767","2","0.011","0.035"
"clk500","-0.012","2.000","cfo/observation_front/fft_core/offset_in_group_reg[0]/C","cfo/observation_front/fft_core/tw_index_reg_rep/ADDRARDADDR[12]","clk500","clk500","1.708","4","0.010","0.035"
"clk500","-0.011","2.000","cfo/windows/poison_sync/syncstages_ff_reg[3]/C","cfo/windows/packed_head_reg[103]/CE","clk500","clk500","1.908","5","-0.008","0.035"
"clk500","-0.011","2.000","cfo/windows/poison_sync/syncstages_ff_reg[3]/C","cfo/windows/packed_head_reg[122]/CE","clk500","clk500","1.908","5","-0.008","0.035"
"clk500","-0.011","2.000","cfo/windows/poison_sync/syncstages_ff_reg[3]/C","cfo/windows/packed_head_reg[127]/CE","clk500","clk500","1.908","5","-0.008","0.035"
"clk500","-0.011","2.000","cfo/windows/poison_sync/syncstages_ff_reg[3]/C","cfo/windows/packed_head_reg[29]/CE","clk500","clk500","1.908","5","-0.008","0.035"
"clk500","-0.011","2.000","cfo/windows/poison_sync/syncstages_ff_reg[3]/C","cfo/windows/packed_head_reg[31]/CE","clk500","clk500","1.908","5","-0.008","0.035"
"clk500","-0.011","2.000","cfo/windows/poison_sync/syncstages_ff_reg[3]/C","cfo/windows/packed_head_reg[58]/CE","clk500","clk500","1.908","5","-0.008","0.035"
"clk500","-0.011","2.000","cfo/windows/poison_sync/syncstages_ff_reg[3]/C","cfo/windows/packed_head_reg[61]/CE","clk500","clk500","1.908","5","-0.008","0.035"
"clk500","-0.011","2.000","cfo/windows/poison_sync/syncstages_ff_reg[3]/C","cfo/windows/packed_head_reg[88]/CE","clk500","clk500","1.908","5","-0.008","0.035"
"clk500","-0.011","2.000","sfo/residual_estimator/aux_service/u_xfft/U0/i_synth/xfft_inst/non_floating_point.arch_d.xfft_inst/has_bit_reverse.no_cp.muxed_reorder_write_addr_del_reg[12]/C","sfo/residual_estimator/aux_service/u_xfft/U0/i_synth/xfft_inst/non_floating_point.arch_d.xfft_inst/has_bit_reverse.dig_rev_mem/blk_ram.use_bram_only.mem/depth_14.main_ram_loop[1].use_RAMB18.ram_2k_loop[2].SDP_RAMB18_9x2048/WEA[0]","clk500","clk500","1.592","1","0.010","0.035"
"clk500","-0.011","2.000","cfo/observation_front/fft_core/offset_in_group_reg[3]/C","cfo/observation_front/fft_core/bank1_reg_bram_1/ADDRBWRADDR[4]","clk500","clk500","1.629","4","0.012","0.035"
"clk500","-0.010","2.000","cfo/windows/poison_sync/syncstages_ff_reg[3]/C","cfo/windows/packed_head_reg[87]/D","clk500","clk500","1.992","5","-0.008","0.035"
"clk500","-0.010","2.000","cfo/observation_front/fft_core/next_output_reg[2]/C","cfo/observation_front/fft_core/bank0_reg_bram_0/ADDRBWRADDR[5]","clk500","clk500","1.623","4","0.010","0.035"
"clk500","-0.010","2.000","cfo/windows/poison_sync/syncstages_ff_reg[3]/C","cfo/windows/packed_windows/fifo/gnuram_async_fifo.xpm_fifo_base_inst/gen_sdpram.xpm_memory_base_inst/gen_wr_a.gen_word_narrow.mem_reg_bram_7/REGCEB","clk500","clk500","1.754","3","0.012","0.035"
"clk500","-0.009","2.000","cfo/windows/poison_sync/syncstages_ff_reg[3]/C","cfo/windows/packed_head_reg[100]/CE","clk500","clk500","1.906","5","-0.008","0.035"
"clk500","-0.009","2.000","cfo/windows/poison_sync/syncstages_ff_reg[3]/C","cfo/windows/packed_head_reg[117]/CE","clk500","clk500","1.906","5","-0.008","0.035"
"clk500","-0.009","2.000","cfo/windows/poison_sync/syncstages_ff_reg[3]/C","cfo/windows/packed_head_reg[123]/CE","clk500","clk500","1.906","5","-0.008","0.035"
"clk500","-0.009","2.000","cfo/windows/poison_sync/syncstages_ff_reg[3]/C","cfo/windows/packed_head_reg[68]/CE","clk500","clk500","1.906","5","-0.008","0.035"
"clk500","-0.009","2.000","cfo/windows/poison_sync/syncstages_ff_reg[3]/C","cfo/windows/packed_windows/fifo/gnuram_async_fifo.xpm_fifo_base_inst/gen_sdpram.xpm_memory_base_inst/gen_wr_a.gen_word_narrow.mem_reg_bram_10/ENBWREN","clk500","clk500","1.644","3","0.012","0.035"
"clk500","-0.009","2.000","sfo/residual_estimator/aux_service/u_xfft/U0/i_synth/xfft_inst/non_floating_point.arch_d.xfft_inst/FLOW/load_enable_reg/C","sfo/residual_estimator/aux_service/u_ingress_fifo/gnuram_async_fifo.xpm_fifo_base_inst/rdp_inst/count_value_i_reg[5]/D","clk500","clk500","1.991","5","-0.008","0.035"
"clk500","-0.008","2.000","cfo/observation_front/fft_core/offset_in_group_reg[3]/C","cfo/observation_front/fft_core/bank0_reg_bram_0/ADDRBWRADDR[10]","clk500","clk500","1.675","4","0.011","0.035"
"clk500","-0.008","2.000","cfo/windows/poison_sync/syncstages_ff_reg[3]/C","cfo/windows/packed_windows/fifo/gnuram_async_fifo.xpm_fifo_base_inst/rdpp1_inst/count_value_i_reg[9]/D","clk500","clk500","1.990","6","-0.008","0.035"
"clk500","-0.006","2.000","cfo/windows/poison_sync/syncstages_ff_reg[3]/C","cfo/windows/packed_head_reg[18]/CE","clk500","clk500","1.903","5","-0.007","0.035"
"clk500","-0.006","2.000","cfo/windows/poison_sync/syncstages_ff_reg[3]/C","cfo/windows/packed_head_reg[25]/CE","clk500","clk500","1.903","5","-0.007","0.035"
"clk500","-0.006","2.000","cfo/windows/packed_windows/fifo/gnuram_async_fifo.xpm_fifo_base_inst/gen_sdpram.xpm_memory_base_inst/gen_wr_a.gen_word_narrow.mem_reg_bram_7/CLKBWRCLK","cfo/windows/packed_head_reg[67]/D","clk500","clk500","1.941","1","-0.055","0.035"
"clk500","-0.005","2.000","cfo/windows/poison_sync/syncstages_ff_reg[3]/C","cfo/windows/packed_head_reg[13]/CE","clk500","clk500","1.902","5","-0.007","0.035"
"clk500","-0.005","2.000","cfo/windows/poison_sync/syncstages_ff_reg[3]/C","cfo/windows/packed_head_reg[24]/CE","clk500","clk500","1.902","5","-0.007","0.035"
"clk500","-0.005","2.000","cfo/windows/poison_sync/syncstages_ff_reg[3]/C","cfo/windows/packed_head_reg[5]/CE","clk500","clk500","1.902","5","-0.007","0.035"
"clk500","-0.005","2.000","cfo/windows/poison_sync/syncstages_ff_reg[3]/C","cfo/windows/packed_head_reg[82]/CE","clk500","clk500","1.902","5","-0.007","0.035"
"clk500","-0.005","2.000","cfo/windows/poison_sync/syncstages_ff_reg[3]/C","cfo/windows/packed_windows/fifo/gnuram_async_fifo.xpm_fifo_base_inst/rdpp1_inst/count_value_i_reg[8]/D","clk500","clk500","1.987","5","-0.008","0.035"
"clk500","-0.004","2.000","cfo/windows/packed_windows/fifo/gnuram_async_fifo.xpm_fifo_base_inst/gen_sdpram.xpm_memory_base_inst/gen_wr_a.gen_word_narrow.mem_reg_bram_7/CLKBWRCLK","cfo/windows/packed_head_reg[71]/D","clk500","clk500","1.938","1","-0.056","0.035"
"clk500","-0.004","2.000","sfo/residual_estimator/aux_service/u_xfft/U0/i_synth/xfft_inst/non_floating_point.arch_d.xfft_inst/pe_gen[0].natural_order_input.PE/has_addr_gen.bf2_addr_gen/cnt/cnt_addsub/i_baseblox.i_baseblox_addsub/no_pipelining.the_addsub/i_lut6.i_lut6_addsub/i_q.i_simple.qreg/i_no_async_controls.output_reg[2]/C","sfo/residual_estimator/aux_service/u_xfft/U0/i_synth/xfft_inst/non_floating_point.arch_d.xfft_inst/pe_gen[0].natural_order_input.PE/FB_1.BF_1/MEM/blk_ram.use_bram_only.mem/depth_13_s6_depth_12.main_ram_loop[1].use_RAMB18.ram_2k_loop[1].SDP_RAMB18_9x2048/ADDRBWRADDR[4]","clk500","clk500","1.617","0","0.010","0.035"
"clk500","-0.003","2.000","cfo/windows/poison_sync/syncstages_ff_reg[3]/C","cfo/windows/packed_head_reg[110]/CE","clk500","clk500","1.900","5","-0.007","0.035"
"clk500","-0.003","2.000","cfo/windows/poison_sync/syncstages_ff_reg[3]/C","cfo/windows/packed_head_reg[120]/CE","clk500","clk500","1.900","5","-0.007","0.035"
"clk500","-0.003","2.000","cfo/windows/poison_sync/syncstages_ff_reg[3]/C","cfo/windows/packed_head_reg[37]/CE","clk500","clk500","1.900","5","-0.007","0.035"
"clk500","-0.003","2.000","cfo/windows/poison_sync/syncstages_ff_reg[3]/C","cfo/windows/packed_head_reg[51]/CE","clk500","clk500","1.900","5","-0.007","0.035"
"clk500","-0.003","2.000","sfo/residual_estimator/front_stage/main/service/u_xfft/U0/i_synth/axi_wrapper/sclr_int_reg/C","sfo/residual_estimator/front_stage/main/service/u_xfft/U0/i_synth/xfft_inst/non_floating_point.arch_d.xfft_inst/FLOW/reset_sustain.resets_4_pes[1].delay_reset_pe/tc_reg/S","clk500","clk500","1.886","0","-0.008","0.035"
"clk500","-0.002","2.000","cfo/windows/poison_sync/syncstages_ff_reg[3]/C","cfo/observation_front/fft_core/m_frame_reg[19]/CE","clk500","clk500","1.899","3","-0.008","0.035"
"clk500","-0.002","2.000","sfo/residual_estimator/aux_service/u_xfft/U0/i_synth/xfft_inst/non_floating_point.arch_d.xfft_inst/has_bit_reverse.no_cp.muxed_reorder_write_addr_del_reg[12]/C","sfo/residual_estimator/aux_service/u_xfft/U0/i_synth/xfft_inst/non_floating_point.arch_d.xfft_inst/has_bit_reverse.dig_rev_mem/blk_ram.use_bram_only.mem/depth_14.main_ram_loop[1].use_RAMB18.ram_2k_loop[3].SDP_RAMB18_9x2048/WEA[0]","clk500","clk500","1.585","1","0.012","0.035"
"clk500","-0.001","2.000","cfo/windows/poison_sync/syncstages_ff_reg[3]/C","cfo/observation_front/fft_core/bank1_reg_bram_0/DINADIN[11]","clk500","clk500","1.726","3","0.011","0.035"
"clk500","-0.001","2.000","cfo/windows/poison_sync/syncstages_ff_reg[3]/C","cfo/windows/packed_windows/fifo/gnuram_async_fifo.xpm_fifo_base_inst/rdpp1_inst/count_value_i_reg[6]/D","clk500","clk500","1.983","5","-0.008","0.035"
