source_relative,destination_relative,source_sha256,destination_sha256,change_note
reports/t10/design/T10_FULL023/package/rtl/bistatic_stream_pkg.sv,rtl/common/bistatic_stream_pkg.sv,7C2551AA0D2827FD04515A9E782B6C015A4D26AC050303823F0C69CDA49DDA83,7C2551AA0D2827FD04515A9E782B6C015A4D26AC050303823F0C69CDA49DDA83,byte-identical copy
reports/t10/design/T10_FULL023/package/rtl/farrow_microbench.sv,rtl/t07/farrow_microbench.sv,8FF75991145F0F91EA7C1E78B36D57173C53AE254379C023E34F960508B68B91,8FF75991145F0F91EA7C1E78B36D57173C53AE254379C023E34F960508B68B91,byte-identical copy
reports/t10/design/T10_FULL023/package/rtl/g3_down15_top.sv,rtl/t07/g3_down15_top.sv,EEA609F0D99B0905DCDA5789BCE9EEB406E7362EE05EFBDE87F10711DD4FB52B,EEA609F0D99B0905DCDA5789BCE9EEB406E7362EE05EFBDE87F10711DD4FB52B,byte-identical copy
reports/t10/design/T10_FULL023/package/rtl/g3_down47_top.sv,rtl/t07/g3_down47_top.sv,66B78C8A23FDB867C2A70610E2A2D430B865A63147590C8221CA6C0B420B2BE4,66B78C8A23FDB867C2A70610E2A2D430B865A63147590C8221CA6C0B420B2BE4,byte-identical copy
reports/t10/design/T10_FULL023/package/rtl/g3_farrow_guard_stream.sv,rtl/t07/g3_farrow_guard_stream.sv,9D42E9B3357E01D3D3BFCF95FE1028F5677496762EE7EA0EBF6C2EE520DEA428,9D42E9B3357E01D3D3BFCF95FE1028F5677496762EE7EA0EBF6C2EE520DEA428,byte-identical copy
reports/t10/design/T10_FULL023/package/rtl/g3_up15_top.sv,rtl/t07/g3_up15_top.sv,3A0591EC246379325C9C0186BF86B71BB509502B265B82A285564FBB0BBAD53C,3A0591EC246379325C9C0186BF86B71BB509502B265B82A285564FBB0BBAD53C,byte-identical copy
reports/t10/design/T10_FULL023/package/rtl/g3_up47_top.sv,rtl/t07/g3_up47_top.sv,9177632A07F446AA1066CEEE537EA920A79E4DC1B37451DA338D8D5C73D57C00,9177632A07F446AA1066CEEE537EA920A79E4DC1B37451DA338D8D5C73D57C00,byte-identical copy
reports/t10/design/T10_FULL023/package/rtl/t03_main_fft_service.sv,rtl/common/t03_main_fft_service.sv,488759B2FB969C275E23B4C23BD2540C87C0E49DF75F86DBA50E8F884FD251BC,488759B2FB969C275E23B4C23BD2540C87C0E49DF75F86DBA50E8F884FD251BC,byte-identical copy
reports/t10/design/T10_FULL023/package/rtl/t03_uram_frame_bank.sv,rtl/common/t03_uram_frame_bank.sv,A43C37A867896264D87DBF0AE950C3AA9FE201070F19F9E379E3A23F806F545E,A43C37A867896264D87DBF0AE950C3AA9FE201070F19F9E379E3A23F806F545E,byte-identical copy
reports/t10/design/T10_FULL023/package/rtl/t05_local_capture_buffer.sv,rtl/common/t05_local_capture_buffer.sv,ED5FFDE09F09762F4C8AD998495521BE32FECD57E4D26C2B08B08A97C8B24C3C,ED5FFDE09F09762F4C8AD998495521BE32FECD57E4D26C2B08B08A97C8B24C3C,byte-identical copy
reports/t10/design/T10_FULL023/package/rtl/t05_phase_increment_controller.sv,rtl/common/t05_phase_increment_controller.sv,D1C5D4CA3427AFFAED482413262280FE0A7DAEBE5B09CCC057583398D603FEF1,D1C5D4CA3427AFFAED482413262280FE0A7DAEBE5B09CCC057583398D603FEF1,byte-identical copy
reports/t10/design/T10_FULL023/package/rtl/t05_vendor_multiplier_adapters.sv,rtl/common/t05_vendor_multiplier_adapters.sv,92FC0E54EE6C733459CB7F89E94C55D7189EB655EB2181CB52077AF85B58C54E,92FC0E54EE6C733459CB7F89E94C55D7189EB655EB2181CB52077AF85B58C54E,byte-identical copy
reports/t10/design/T10_FULL023/package/rtl/t06_cfo_derotate_s16_4lane.sv,rtl/t06/t06_cfo_derotate_s16_4lane.sv,0CEA082DFA19048A47DBAF40FAE7A0FCB616AB1E76991C7C5E33413FB46A3A52,0CEA082DFA19048A47DBAF40FAE7A0FCB616AB1E76991C7C5E33413FB46A3A52,byte-identical copy
reports/t10/design/T10_FULL023/package/rtl/t06_dds_phase_4lane.sv,rtl/t06/t06_dds_phase_4lane.sv,AAFCEB7E1844CE144686E004CD735CF9F1657D4292256F03CE9667CA24DED072,AAFCEB7E1844CE144686E004CD735CF9F1657D4292256F03CE9667CA24DED072,byte-identical copy
reports/t10/design/T10_FULL023/package/rtl/t06_derotate_wide_4lane.sv,rtl/t06/t06_derotate_wide_4lane.sv,FF22A8B966A6EACA8512C8CD4B13B7B7D062E982D5F2C728FBAAF1A943A1902A,FF22A8B966A6EACA8512C8CD4B13B7B7D062E982D5F2C728FBAAF1A943A1902A,byte-identical copy
reports/t10/design/T10_FULL023/package/rtl/t06_fft_pair_extractor.sv,rtl/t06/t06_fft_pair_extractor.sv,A36E84C1FFF6C4C5F55631B3172B571BF9127D02FC6B81DEF50F75BEEBBE7698,A36E84C1FFF6C4C5F55631B3172B571BF9127D02FC6B81DEF50F75BEEBBE7698,byte-identical copy
reports/t10/design/T10_FULL023/package/rtl/t06_fft_pair_extractor_fifo.sv,rtl/t06/t06_fft_pair_extractor_fifo.sv,FDD4F7C9B6214418B18726261395DCAA03F29E84964AC0F14AEED72F69E043A9,FDD4F7C9B6214418B18726261395DCAA03F29E84964AC0F14AEED72F69E043A9,byte-identical copy
reports/t10/design/T10_FULL023/package/rtl/t06_fft_pair_extractor_memory.sv,rtl/t06/t06_fft_pair_extractor_memory.sv,AD0BCDD5355F6FE238A058D11DE1B8FA8058DDA4A55E399DE1CA9D16CCB61DF8,AD0BCDD5355F6FE238A058D11DE1B8FA8058DDA4A55E399DE1CA9D16CCB61DF8,byte-identical copy
reports/t10/design/T10_FULL023/package/rtl/t06_fft_swls_backend.sv,rtl/t06/t06_fft_swls_backend.sv,F67F4B83A32C41011EADCBB56C00FD3A4BED08A41164B6C93C724A0DFD0887CB,F67F4B83A32C41011EADCBB56C00FD3A4BED08A41164B6C93C724A0DFD0887CB,byte-identical copy
reports/t10/design/T10_FULL023/package/rtl/t06_five_sum_accumulator.sv,rtl/t06/t06_five_sum_accumulator.sv,9DF86E6BC0A75331AB2DC18DAFEE28A62CA6B6ABADDAEE1CAC8F34E91006E293,9DF86E6BC0A75331AB2DC18DAFEE28A62CA6B6ABADDAEE1CAC8F34E91006E293,byte-identical copy
reports/t10/design/T10_FULL023/package/rtl/t06_frame_context_join.sv,rtl/t06/t06_frame_context_join.sv,E8F4D46F8F368EC7BEE47DE062B09953535163C3B3BFBD20F950B4656751100C,E8F4D46F8F368EC7BEE47DE062B09953535163C3B3BFBD20F950B4656751100C,byte-identical copy
reports/t10/design/T10_FULL023/package/rtl/t06_initial_sfo_service.sv,rtl/t06/t06_initial_sfo_service.sv,264C6B65921B4A5772F191CA0AE1635FDACB8265595CB748C1C58A2E5CD4C64C,264C6B65921B4A5772F191CA0AE1635FDACB8265595CB748C1C58A2E5CD4C64C,byte-identical copy
reports/t10/design/T10_FULL023/package/rtl/t06_initial_sfo_standalone.sv,rtl/t06/t06_initial_sfo_standalone.sv,7A6589EC88E24A52EB933634407E8CD6824638AEEF67E95056F8532BF62B4513,7A6589EC88E24A52EB933634407E8CD6824638AEEF67E95056F8532BF62B4513,byte-identical copy
reports/t10/design/T10_FULL023/package/rtl/t06_main_fft_exclusive_owner.sv,rtl/t06/t06_main_fft_exclusive_owner.sv,7E36196D21731EE645AC03627617B299D88EF0D4F8008C2C138388EE94998C0F,7E36196D21731EE645AC03627617B299D88EF0D4F8008C2C138388EE94998C0F,byte-identical copy
reports/t10/design/T10_FULL023/package/rtl/t06_observation_engine.sv,rtl/t06/t06_observation_engine.sv,03C691A4DE504F8892F4FC0B6D11CD509C16C39688DB57D960A8EC0A23CBAF67,03C691A4DE504F8892F4FC0B6D11CD509C16C39688DB57D960A8EC0A23CBAF67,byte-identical copy
reports/t10/design/T10_FULL023/package/rtl/t06_observation_engine_2lane.sv,rtl/t06/t06_observation_engine_2lane.sv,67CAFE9C6874B5F13F1C70487E933129383B1CA9ECDDB31E5C4F90A911821E45,67CAFE9C6874B5F13F1C70487E933129383B1CA9ECDDB31E5C4F90A911821E45,byte-identical copy
reports/t10/design/T10_FULL023/package/rtl/t06_observation_engine_fifo.sv,rtl/t06/t06_observation_engine_fifo.sv,2FAEAD05A3457BA9006BBA5EA7E5437B9F5D18A054647BA374CDA8C3BF3E53C0,2FAEAD05A3457BA9006BBA5EA7E5437B9F5D18A054647BA374CDA8C3BF3E53C0,byte-identical copy
reports/t10/design/T10_FULL023/package/rtl/t06_observation_store.sv,rtl/t06/t06_observation_store.sv,542292C2C431052655717DC8C1C24DD7A091825E7CEC5B866EE0CB5EF8991163,542292C2C431052655717DC8C1C24DD7A091825E7CEC5B866EE0CB5EF8991163,byte-identical copy
reports/t10/design/T10_FULL023/package/rtl/t06_observation_store_bank.sv,rtl/t06/t06_observation_store_bank.sv,8966860D0FEB245098500B35C9B0EACFBB86D3FDB645E24397AF9C00654D5C0E,8966860D0FEB245098500B35C9B0EACFBB86D3FDB645E24397AF9C00654D5C0E,byte-identical copy
reports/t10/design/T10_FULL023/package/rtl/t06_pair_max_tracker_2lane.sv,rtl/t06/t06_pair_max_tracker_2lane.sv,F6CC77F6A56C634260AECB9CCFC8631F043A65058A22B4D035F0F704FA7FBD0D,F6CC77F6A56C634260AECB9CCFC8631F043A65058A22B4D035F0F704FA7FBD0D,byte-identical copy
reports/t10/design/T10_FULL023/package/rtl/t06_pair_phasor_bfp.sv,rtl/t06/t06_pair_phasor_bfp.sv,B603B6B3187B0DC6E5B513170B38ED7361D0D564F70157E6B7DA57E54CBB175B,B603B6B3187B0DC6E5B513170B38ED7361D0D564F70157E6B7DA57E54CBB175B,byte-identical copy
reports/t10/design/T10_FULL023/package/rtl/t06_ps3_ps10_job_sequencer.sv,rtl/t06/t06_ps3_ps10_job_sequencer.sv,45B7C4A77005E77E4F4B5F322D896823598EDBE92753357C6D2C7BF3E35BE4C8,45B7C4A77005E77E4F4B5F322D896823598EDBE92753357C6D2C7BF3E35BE4C8,byte-identical copy
reports/t10/design/T10_FULL023/package/rtl/t06_raw_reader_4lane.sv,rtl/t06/t06_raw_reader_4lane.sv,594710DC49B057E041F35D563370836BFE7D5B25E57F6F247C734A4BDAD2D205,594710DC49B057E041F35D563370836BFE7D5B25E57F6F247C734A4BDAD2D205,byte-identical copy
reports/t10/design/T10_FULL023/package/rtl/t06_raw_reader_local_capture.sv,rtl/t06/t06_raw_reader_local_capture.sv,56D87FA5D1F1A2940C1EE42F2FB53AE50708A54DE41C545DDE3E0A81A568586A,56D87FA5D1F1A2940C1EE42F2FB53AE50708A54DE41C545DDE3E0A81A568586A,byte-identical copy
reports/t10/design/T10_FULL023/package/rtl/t06_raw_to_fft_frontend.sv,rtl/t06/t06_raw_to_fft_frontend.sv,B549A929678A75AE8FBF6EF3D400749DC919E3B5DA55B69A2952B5E800854CB1,B549A929678A75AE8FBF6EF3D400749DC919E3B5DA55B69A2952B5E800854CB1,byte-identical copy
reports/t10/design/T10_FULL023/package/rtl/t06_regression_tail.sv,rtl/t06/t06_regression_tail.sv,8CECD709DF1D9D5E190497D7FDC97C31498C9737FE2D5DF69E9161CE089561A7,8CECD709DF1D9D5E190497D7FDC97C31498C9737FE2D5DF69E9161CE089561A7,byte-identical copy
reports/t10/design/T10_FULL023/package/rtl/t06_shared_gain_s16_4lane.sv,rtl/t06/t06_shared_gain_s16_4lane.sv,07EACFC133284E0C8BB2D4BD2399A49DF0DB7FC494C8802EE4883E812EA8E8D0,07EACFC133284E0C8BB2D4BD2399A49DF0DB7FC494C8802EE4883E812EA8E8D0,byte-identical copy
reports/t10/design/T10_FULL023/package/rtl/t06_shared_gain_s16_lane.sv,rtl/t06/t06_shared_gain_s16_lane.sv,42077D45C38486FB0D8C968F43AFFDE56D511D2FF3AA1DE41256E8128B8ADC9B,42077D45C38486FB0D8C968F43AFFDE56D511D2FF3AA1DE41256E8128B8ADC9B,byte-identical copy
reports/t10/design/T10_FULL023/package/rtl/t06_swls_weighted_backend.sv,rtl/t06/t06_swls_weighted_backend.sv,21316ED19DA3A8A5AF2719FE19B25173C01DE401B94F43B12D3FA29F4FFFACE9,21316ED19DA3A8A5AF2719FE19B25173C01DE401B94F43B12D3FA29F4FFFACE9,byte-identical copy
reports/t10/design/T10_FULL023/package/rtl/t06_unsigned_divider_service.sv,rtl/t06/t06_unsigned_divider_service.sv,7B1B2F6C8B47C6E1E68FBCC46F4CF7E791BBF0EA9DC1CE10D91AB8BD565F3E83,7B1B2F6C8B47C6E1E68FBCC46F4CF7E791BBF0EA9DC1CE10D91AB8BD565F3E83,byte-identical copy
reports/t10/design/T10_FULL023/package/rtl/t06_unsigned_divider_service_fifo.sv,rtl/t06/t06_unsigned_divider_service_fifo.sv,1F359E0350B51EAC4C869A4ADC584BB6501139DE078ED5AD0BDE2626C8604B89,1F359E0350B51EAC4C869A4ADC584BB6501139DE078ED5AD0BDE2626C8604B89,byte-identical copy
reports/t10/design/T10_FULL023/package/rtl/t06_weight_pack.sv,rtl/t06/t06_weight_pack.sv,6D55741CBE6A9D35B2FBD92CF0E1366656FDDE0D985151B49849638DA8F3452A,6D55741CBE6A9D35B2FBD92CF0E1366656FDDE0D985151B49849638DA8F3452A,byte-identical copy
reports/t10/design/T10_FULL023/package/rtl/t07_guard_frame_core.sv,rtl/t07/t07_guard_frame_core.sv,B2A38BC1F7D79C7D0DC1F3EB15A5E1A6140AF7EBF5E01095D654D47C1976BA34,B2A38BC1F7D79C7D0DC1F3EB15A5E1A6140AF7EBF5E01095D654D47C1976BA34,byte-identical copy
reports/t10/design/T10_FULL023/package/rtl/t07_nominal_pack4_rev02.sv,rtl/t07/t07_nominal_pack4_rev02.sv,DFEE265BAACAB0521F29D878A793053475414259AF68C273D6CC48D494BBB6E1,DFEE265BAACAB0521F29D878A793053475414259AF68C273D6CC48D494BBB6E1,byte-identical copy
reports/t10/design/T10_FULL023/package/rtl/t07_sync_fifo.sv,rtl/t07/t07_sync_fifo.sv,81770BD607DF638284BF3A376CFD1A88EAD6D997D03D386A3268A3A0DC40D303,81770BD607DF638284BF3A376CFD1A88EAD6D997D03D386A3268A3A0DC40D303,byte-identical copy
reports/t10/design/T10_FULL023/package/rtl/t08_descriptor.sv,rtl/t08/t08_descriptor.sv,46C06C7957470A4EF149EBE4B2BD7B854D5E7AB236F9C6CF02C0F9BF7194BC10,46C06C7957470A4EF149EBE4B2BD7B854D5E7AB236F9C6CF02C0F9BF7194BC10,byte-identical copy
reports/t10/design/T10_FULL023/package/rtl/t08_first_sfo_resampler.sv,rtl/t08/t08_first_sfo_resampler.sv,F76C2519575C74C53C9CAA24652BFEA3B0F66656018B9397CECDA5B858D8EF49,F76C2519575C74C53C9CAA24652BFEA3B0F66656018B9397CECDA5B858D8EF49,byte-identical copy
reports/t10/design/T10_FULL023/package/rtl/t08_frame_engine.sv,rtl/t08/t08_frame_engine.sv,20BE3D9C80E715D30276323497A2328C2FA80B32F87F80C096523984F24D2B71,20BE3D9C80E715D30276323497A2328C2FA80B32F87F80C096523984F24D2B71,byte-identical copy
reports/t10/design/T10_FULL023/package/rtl/t09_aux_ifft_service4.sv,rtl/t09/t09_aux_ifft_service4.sv,8324E32294A41589BDBD324166A768B13D90A41941ED0178A4620DA24FF67C84,8324E32294A41589BDBD324166A768B13D90A41941ED0178A4620DA24FF67C84,byte-identical copy
reports/t10/design/T10_FULL023/package/rtl/t09_div_u80_u49_rne.sv,rtl/t09/t09_div_u80_u49_rne.sv,AF1BCEAA62A5DD06D1FD5DD4BB079E109F53AB150D21DE387408CD9C857DEF78,AF1BCEAA62A5DD06D1FD5DD4BB079E109F53AB150D21DE387408CD9C857DEF78,byte-identical copy
reports/t10/design/T10_FULL023/package/rtl/t09_dtp_frame_backend4.sv,rtl/t09/t09_dtp_frame_backend4.sv,008F0102F3C9E0C28135427EA58A91DA5E5D345113F2A26586EAC0EBB3594D22,008F0102F3C9E0C28135427EA58A91DA5E5D345113F2A26586EAC0EBB3594D22,byte-identical copy
reports/t10/design/T10_FULL023/package/rtl/t09_fft_grid_stage4.sv,rtl/t09/t09_fft_grid_stage4.sv,2C705E5D22B7AE192A798EA25C7872D040B8350D5459F87818AD25121B56AD2C,2C705E5D22B7AE192A798EA25C7872D040B8350D5459F87818AD25121B56AD2C,byte-identical copy
reports/t10/design/T10_FULL023/package/rtl/t09_grid_packet_queue2.sv,rtl/t09/t09_grid_packet_queue2.sv,8765D5DC53F27D84B35E3EA7F27F285305A12D0C060BCEDBAF7AA941A4260E1C,8765D5DC53F27D84B35E3EA7F27F285305A12D0C060BCEDBAF7AA941A4260E1C,byte-identical copy
reports/t10/design/T10_FULL023/package/rtl/t09_main_fft_service4.sv,rtl/t09/t09_main_fft_service4.sv,B0854B778D76EE945B01BCE3F5D42C8B0A81242622884307368C7E84B27AC7E4,B0854B778D76EE945B01BCE3F5D42C8B0A81242622884307368C7E84B27AC7E4,byte-identical copy
reports/t10/design/T10_FULL023/package/rtl/t09_main_fft_window4.sv,rtl/t09/t09_main_fft_window4.sv,34B74F5125AF359BCFE0D040D6279AC7061D7D8FAEB4575305671577C91EF5A4,34B74F5125AF359BCFE0D040D6279AC7061D7D8FAEB4575305671577C91EF5A4,byte-identical copy
reports/t10/design/T10_FULL023/package/rtl/t09_nominal_window_reader4.sv,rtl/t09/t09_nominal_window_reader4.sv,F0BEA6745B7B30414C3C0FE5B5A0FCBFFCE121358219AC6A74E68255BBC70F44,F0BEA6745B7B30414C3C0FE5B5A0FCBFFCE121358219AC6A74E68255BBC70F44,byte-identical copy
reports/t10/design/T10_FULL023/package/rtl/t09_peak_interpolate.sv,rtl/t09/t09_peak_interpolate.sv,73C14A9F5627DFE8112CFF00782E2EE19379724EA1F9AF4568D420BBD1DA0733,73C14A9F5627DFE8112CFF00782E2EE19379724EA1F9AF4568D420BBD1DA0733,byte-identical copy
reports/t10/design/T10_FULL023/package/rtl/t09_peak_triplet4.sv,rtl/t09/t09_peak_triplet4.sv,A41103C7C422EB979F4E4BE8E9E62103B71491B456D321C452E2336610A15B9B,A41103C7C422EB979F4E4BE8E9E62103B71491B456D321C452E2336610A15B9B,byte-identical copy
reports/t10/design/T10_FULL023/package/rtl/t09_pilot_front2.sv,rtl/t09/t09_pilot_front2.sv,119ED24B88B7B90B880E5D1053D43B89D959780FCC4F12F8D33B6A7B5F59A5F1,119ED24B88B7B90B880E5D1053D43B89D959780FCC4F12F8D33B6A7B5F59A5F1,byte-identical copy
reports/t10/design/T10_FULL023/package/rtl/t09_pilot_grid4.sv,rtl/t09/t09_pilot_grid4.sv,C45835A0BE682D5249C467B3ACC779C717DF6E4FC9F82904C85060B33A5BB108,C45835A0BE682D5249C467B3ACC779C717DF6E4FC9F82904C85060B33A5BB108,byte-identical copy
reports/t10/design/T10_FULL023/package/rtl/t09_pilot_rotate2.sv,rtl/t09/t09_pilot_rotate2.sv,9F1D51C53EE2347BD173A9CD44B53A53AB1E3DAB5368A0F6D00052DFF39EC4ED,9F1D51C53EE2347BD173A9CD44B53A53AB1E3DAB5368A0F6D00052DFF39EC4ED,byte-identical copy
reports/t10/design/T10_FULL023/package/rtl/t09_pilot_select_phase4.sv,rtl/t09/t09_pilot_select_phase4.sv,B0108B31769B496C16E9E7EEFF984CD635939E6601E31723E7C489C373FEF2EC,B0108B31769B496C16E9E7EEFF984CD635939E6601E31723E7C489C373FEF2EC,byte-identical copy
reports/t10/design/T10_FULL023/package/rtl/t09_power4.sv,rtl/t09/t09_power4.sv,B4933D6B4A7193B6DDECE3EF9A7DF765C3B2E3F819BB3FDC7E62F0D76070BBEE,B4933D6B4A7193B6DDECE3EF9A7DF765C3B2E3F819BB3FDC7E62F0D76070BBEE,byte-identical copy
reports/t10/design/T10_FULL023/package/rtl/t09_residual_sfo_pipeline4.sv,rtl/t09/t09_residual_sfo_pipeline4.sv,4179728569BB40F38EE38945BD850E0C90172F9AA1F982F42D3524D3C04974B7,4179728569BB40F38EE38945BD850E0C90172F9AA1F982F42D3524D3C04974B7,byte-identical copy
reports/t10/design/T10_FULL023/package/rtl/t09_sfo_ls74.sv,rtl/t09/t09_sfo_ls74.sv,C588B2E78814B2393069D9FDCF662DCAB31EF8529AD824F7E420A71AB547D3D0,C588B2E78814B2393069D9FDCF662DCAB31EF8529AD824F7E420A71AB547D3D0,byte-identical copy
reports/t10/design/T10_FULL023/package/rtl/t10_cdc_fifo.sv,rtl/t10/t10_cdc_fifo.sv,A6FC48DB68C7344E2685B501EE554B024E8A278B27A02756E6DDF0D6346137BE,A6FC48DB68C7344E2685B501EE554B024E8A278B27A02756E6DDF0D6346137BE,byte-identical copy
reports/t10/design/T10_FULL023/package/rtl/t10_domain_reset.sv,rtl/t10/t10_domain_reset.sv,6DAEC6D46375352ED699C5AC4D8197ADB723AA7256BB24B5CBDE66A390BDAE7C,6DAEC6D46375352ED699C5AC4D8197ADB723AA7256BB24B5CBDE66A390BDAE7C,byte-identical copy
reports/t10/design/T10_FULL023/package/rtl/t10_output_buffer.sv,rtl/t10/t10_output_buffer.sv,01AF295576E5B783B0979D3646EA6BAA411E78E60045F7B8E7AF913FD434B1A3,01AF295576E5B783B0979D3646EA6BAA411E78E60045F7B8E7AF913FD434B1A3,byte-identical copy
reports/t10/design/T10_FULL023/package/rtl/t10_r1_bank.sv,rtl/t10/t10_r1_bank.sv,C3EAB6766CAEF06A60BA6EC1C2C046909FB20DBB85AB00F8BFDF7CC991A74FC8,C3EAB6766CAEF06A60BA6EC1C2C046909FB20DBB85AB00F8BFDF7CC991A74FC8,byte-identical copy
reports/t10/design/T10_FULL023/package/rtl/t10_raw_ring.sv,rtl/t10/t10_raw_ring.sv,9D859488CB7F891FD3E2BF9C2B78497C4041A60DA60EE3A320028397271538BB,9D859488CB7F891FD3E2BF9C2B78497C4041A60DA60EE3A320028397271538BB,byte-identical copy
reports/t10/design/T10_FULL023/package/rtl/t10_second_descriptor.sv,rtl/t10/t10_second_descriptor.sv,29F6D2E515D1FF855BA731D7B4EB0A16A370315393D5F26D5767E172B7EBBD15,29F6D2E515D1FF855BA731D7B4EB0A16A370315393D5F26D5767E172B7EBBD15,byte-identical copy
reports/t10/design/T10_FULL023/package/rtl/t10_second_sfo_resampler.sv,rtl/t10/t10_second_sfo_resampler.sv,97CC8079ECA050638BCF614DBB1CE8090EED9497664E86157D2AF4C50F35CD81,97CC8079ECA050638BCF614DBB1CE8090EED9497664E86157D2AF4C50F35CD81,byte-identical copy
reports/t10/design/T10_FULL023/package/rtl/t10_two_pass_system.sv,rtl/t10/t10_two_pass_system.sv,61C5831E1D406825421440C17CA35A995FC8EFE1C6D44A16D7803690C8A598E1,61C5831E1D406825421440C17CA35A995FC8EFE1C6D44A16D7803690C8A598E1,byte-identical copy
reports/t10/design/T10_FULL023/package/rtl/t10_two_pass_transport.sv,rtl/t10/t10_two_pass_transport.sv,C3259FC95C12EA9CA84B55A89B8EA09EA58F50BFC7ED25B1F962FF8424C7EBCE,C3259FC95C12EA9CA84B55A89B8EA09EA58F50BFC7ED25B1F962FF8424C7EBCE,byte-identical copy
reports/t10/design/T10_FULL023/package/include/t06_observation_engine_ip_config.svh,rtl/include/t06_observation_engine_ip_config.svh,0ADD552BDAE0412679636D3868886543F16B3E2E7E1C8A3CF58D92C648601110,0ADD552BDAE0412679636D3868886543F16B3E2E7E1C8A3CF58D92C648601110,byte-identical copy
reports/t10/design/T10_FULL023/package/include/t06_pair_max_tracker_2lane_ip_config.svh,rtl/include/t06_pair_max_tracker_2lane_ip_config.svh,2972533FC8F285EF8BA384AA5A850C26EE617F7EA13F5AB5BAC13CA91F845265,2972533FC8F285EF8BA384AA5A850C26EE617F7EA13F5AB5BAC13CA91F845265,byte-identical copy
reports/t10/design/T10_FULL023/package/include/t06_shared_gain_ip_config.svh,rtl/include/t06_shared_gain_ip_config.svh,361A4FD37406C4DB451312A33D103798D0B86AF000C574E0341538FB6620C3D8,361A4FD37406C4DB451312A33D103798D0B86AF000C574E0341538FB6620C3D8,byte-identical copy
reports/t10/design/T10_FULL023/package/vendor/xpm_cdc.sv,rtl/vendor/xpm/xpm_cdc.sv,D08434ED5A310C44C13936D6EDA5381D64FF0F627A335368C85826A30E8ADAA7,D08434ED5A310C44C13936D6EDA5381D64FF0F627A335368C85826A30E8ADAA7,byte-identical vendor XPM; original license header retained; compile once only
reports/t10/design/T10_FULL023/package/vendor/xpm_fifo.sv,rtl/vendor/xpm/xpm_fifo.sv,D3C1E861CDDF00EBC82552C464A46FB5228E68B4D458001D064B99E04134B9D4,D3C1E861CDDF00EBC82552C464A46FB5228E68B4D458001D064B99E04134B9D4,byte-identical vendor XPM; original license header retained; compile once only
reports/t10/design/T10_FULL023/package/vendor/xpm_memory.sv,rtl/vendor/xpm/xpm_memory.sv,E72758E6794B1F7AD00428FEEEACC4F90A38B0500583B2CA93CA2EBA12BA01BD,E72758E6794B1F7AD00428FEEEACC4F90A38B0500583B2CA93CA2EBA12BA01BD,byte-identical vendor XPM; original license header retained; compile once only
reports/t10/design/T10_FULL023/package/ip/farrow_add_18/farrow_add_18.xci,ip/config/farrow_add_18/farrow_add_18.xci,9D3AB2A42F1EAAEF82EF45739AA0DFE7F826EE7BC9226C9E2113D82B9C3FDBD2,9D3AB2A42F1EAAEF82EF45739AA0DFE7F826EE7BC9226C9E2113D82B9C3FDBD2,byte-identical original XCI; historical FLGC metadata retained pending Vivado-native FLGB retarget; CONFIG parameters must not change
reports/t10/design/T10_FULL023/package/ip/farrow_add_28/farrow_add_28.xci,ip/config/farrow_add_28/farrow_add_28.xci,1E12E59A39D04C5526FD37FD9C0E3CE58EDC3A17B56A8327C841632852EDD56B,1E12E59A39D04C5526FD37FD9C0E3CE58EDC3A17B56A8327C841632852EDD56B,byte-identical original XCI; historical FLGC metadata retained pending Vivado-native FLGB retarget; CONFIG parameters must not change
reports/t10/design/T10_FULL023/package/ip/farrow_add_32/farrow_add_32.xci,ip/config/farrow_add_32/farrow_add_32.xci,6FF98FC48E8EB4AB60F0AD38273E2E84E8804913503E023A2E5218302036FECB,6FF98FC48E8EB4AB60F0AD38273E2E84E8804913503E023A2E5218302036FECB,byte-identical original XCI; historical FLGC metadata retained pending Vivado-native FLGB retarget; CONFIG parameters must not change
reports/t10/design/T10_FULL023/package/ip/farrow_mul_h16/farrow_mul_h16.xci,ip/config/farrow_mul_h16/farrow_mul_h16.xci,98E1CFFE6F170C8BE7C5881E6AD09D99B47BF24603F77E9C5E7D813C65C4DF0E,98E1CFFE6F170C8BE7C5881E6AD09D99B47BF24603F77E9C5E7D813C65C4DF0E,byte-identical original XCI; historical FLGC metadata retained pending Vivado-native FLGB retarget; CONFIG parameters must not change
reports/t10/design/T10_FULL023/package/ip/farrow_mul_t16/farrow_mul_t16.xci,ip/config/farrow_mul_t16/farrow_mul_t16.xci,C56A3C586FB9FF4CF3E05AA95B1E14D1F87AB39CF91695752E194ED4694481AA,C56A3C586FB9FF4CF3E05AA95B1E14D1F87AB39CF91695752E194ED4694481AA,byte-identical original XCI; historical FLGC metadata retained pending Vivado-native FLGB retarget; CONFIG parameters must not change
reports/t10/design/T10_FULL023/package/ip/t03_xfft_16384_aux/t03_xfft_16384_aux.xci,ip/config/t03_xfft_16384_aux/t03_xfft_16384_aux.xci,DF4ED42E7A4C674873D7B8D6EA11C808921469A039B8826FE8303F3355C4E935,DF4ED42E7A4C674873D7B8D6EA11C808921469A039B8826FE8303F3355C4E935,byte-identical original XCI; historical FLGC metadata retained pending Vivado-native FLGB retarget; CONFIG parameters must not change
reports/t10/design/T10_FULL023/package/ip/t03_xfft_2048_main/t03_xfft_2048_main.xci,ip/config/t03_xfft_2048_main/t03_xfft_2048_main.xci,C7A24575616C9A8B755F56030E9E9E06F84DE13369213EB2C1FADB6811BC82AC,C7A24575616C9A8B755F56030E9E9E06F84DE13369213EB2C1FADB6811BC82AC,byte-identical original XCI; historical FLGC metadata retained pending Vivado-native FLGB retarget; CONFIG parameters must not change
reports/t10/design/T10_FULL023/package/ip/t04_cmpy_17x16/t04_cmpy_17x16.xci,ip/config/t04_cmpy_17x16/t04_cmpy_17x16.xci,FD469868787320D0F12813917E20436BD2AB7A1FF564A138438304096B6DAA8A,FD469868787320D0F12813917E20436BD2AB7A1FF564A138438304096B6DAA8A,byte-identical original XCI; historical FLGC metadata retained pending Vivado-native FLGB retarget; CONFIG parameters must not change
reports/t10/design/T10_FULL023/package/ip/t04_div_u63_u47/t04_div_u63_u47.xci,ip/config/t04_div_u63_u47/t04_div_u63_u47.xci,295A28B45A7A029FB19EF3FA0C28205F952A1D8FBBE670E365F3E5FE9961C4FB,295A28B45A7A029FB19EF3FA0C28205F952A1D8FBBE670E365F3E5FE9961C4FB,byte-identical original XCI; historical FLGC metadata retained pending Vivado-native FLGB retarget; CONFIG parameters must not change
reports/t10/design/T10_FULL023/package/ip/t05_cmpy_rotate_18x18/t05_cmpy_rotate_18x18.xci,ip/config/t05_cmpy_rotate_18x18/t05_cmpy_rotate_18x18.xci,0469988A6ECC103134C228E53A1ABF3CEBA93872B1EF508F567322E6E0EDB067,0469988A6ECC103134C228E53A1ABF3CEBA93872B1EF508F567322E6E0EDB067,byte-identical original XCI; historical FLGC metadata retained pending Vivado-native FLGB retarget; CONFIG parameters must not change
reports/t10/design/T10_FULL023/package/ip/t05_mult_cfo_s19_const40_full59/t05_mult_cfo_s19_const40_full59.xci,ip/config/t05_mult_cfo_s19_const40_full59/t05_mult_cfo_s19_const40_full59.xci,2883CA9103A68AAADCED04B5BAF9711C821C0A36C95751F10A05D7C0D52032C9,2883CA9103A68AAADCED04B5BAF9711C821C0A36C95751F10A05D7C0D52032C9,byte-identical original XCI; historical FLGC metadata retained pending Vivado-native FLGB retarget; CONFIG parameters must not change
reports/t10/design/T10_FULL023/package/ip/t06_cordic_translate48_parallel/t06_cordic_translate48_parallel.xci,ip/config/t06_cordic_translate48_parallel/t06_cordic_translate48_parallel.xci,E718F6C1D9BEF264D19320DB584EE115B47B55143A87069DF643FFD468E7650D,E718F6C1D9BEF264D19320DB584EE115B47B55143A87069DF643FFD468E7650D,byte-identical original XCI; historical FLGC metadata retained pending Vivado-native FLGB retarget; CONFIG parameters must not change
reports/t10/design/T10_FULL023/package/ip/t06_dds_phase_s32_sincos18/t06_dds_phase_s32_sincos18.xci,ip/config/t06_dds_phase_s32_sincos18/t06_dds_phase_s32_sincos18.xci,F247F206E212E800A343F853AAF9E662AA0AE92CCEFFEC63D9AEC9CA2F918579,F247F206E212E800A343F853AAF9E662AA0AE92CCEFFEC63D9AEC9CA2F918579,byte-identical original XCI; historical FLGC metadata retained pending Vivado-native FLGB retarget; CONFIG parameters must not change
reports/t10/design/T10_FULL023/package/ip/t06_fs_mult_s29_s11/t06_fs_mult_s29_s11.xci,ip/config/t06_fs_mult_s29_s11/t06_fs_mult_s29_s11.xci,786B48108FFD83260595C3B3735572486D16C22EC3ADDD7C7E1721A8D1D1DB4F,786B48108FFD83260595C3B3735572486D16C22EC3ADDD7C7E1721A8D1D1DB4F,byte-identical original XCI; historical FLGC metadata retained pending Vivado-native FLGB retarget; CONFIG parameters must not change
reports/t10/design/T10_FULL023/package/ip/t06_fs_mult_s29_s48/t06_fs_mult_s29_s48.xci,ip/config/t06_fs_mult_s29_s48/t06_fs_mult_s29_s48.xci,20213562BB4BFA14DCD6444F609EE1CF6BBFE59FC78C4E60DFF64B5AADF68129,20213562BB4BFA14DCD6444F609EE1CF6BBFE59FC78C4E60DFF64B5AADF68129,byte-identical original XCI; historical FLGC metadata retained pending Vivado-native FLGB retarget; CONFIG parameters must not change
reports/t10/design/T10_FULL023/package/ip/t06_fs_mult_u18_s11/t06_fs_mult_u18_s11.xci,ip/config/t06_fs_mult_u18_s11/t06_fs_mult_u18_s11.xci,65299AD9A8BBEC8A555E9D3BD4539E41AF169F5DC7DE310F656DF90C06955C28,65299AD9A8BBEC8A555E9D3BD4539E41AF169F5DC7DE310F656DF90C06955C28,byte-identical original XCI; historical FLGC metadata retained pending Vivado-native FLGB retarget; CONFIG parameters must not change
reports/t10/design/T10_FULL023/package/ip/t06_fs_mult_u18_s48/t06_fs_mult_u18_s48.xci,ip/config/t06_fs_mult_u18_s48/t06_fs_mult_u18_s48.xci,DDD51A58FA7721F1805547435DE84CE9D3188AD042EDEC91E138C5A6A4FC71F8,DDD51A58FA7721F1805547435DE84CE9D3188AD042EDEC91E138C5A6A4FC71F8,byte-identical original XCI; historical FLGC metadata retained pending Vivado-native FLGB retarget; CONFIG parameters must not change
reports/t10/design/T10_FULL023/package/ip/t06_observation_engine_square/t06_observation_engine_square.xci,ip/config/t06_observation_engine_square/t06_observation_engine_square.xci,6D5373191746888639EC459646872E3C7F843701E4E5CB0EE999792BAAD22A59,6D5373191746888639EC459646872E3C7F843701E4E5CB0EE999792BAAD22A59,byte-identical original XCI; historical FLGC metadata retained pending Vivado-native FLGB retarget; CONFIG parameters must not change
reports/t10/design/T10_FULL023/package/ip/t06_observation_engine_weight_product/t06_observation_engine_weight_product.xci,ip/config/t06_observation_engine_weight_product/t06_observation_engine_weight_product.xci,A77A114376112D41EF9CA99F5B83E5164A24451D5624FC8D254C13A6D6C01CA7,A77A114376112D41EF9CA99F5B83E5164A24451D5624FC8D254C13A6D6C01CA7,byte-identical original XCI; historical FLGC metadata retained pending Vivado-native FLGB retarget; CONFIG parameters must not change
reports/t10/design/T10_FULL023/package/ip/t06_pair_max_tracker_2lane_cross/t06_pair_max_tracker_2lane_cross.xci,ip/config/t06_pair_max_tracker_2lane_cross/t06_pair_max_tracker_2lane_cross.xci,40722235A466F8907968ABB5C6BED27E2E88E40C0A53645B053E6344A687DA92,40722235A466F8907968ABB5C6BED27E2E88E40C0A53645B053E6344A687DA92,byte-identical original XCI; historical FLGC metadata retained pending Vivado-native FLGB retarget; CONFIG parameters must not change
reports/t10/design/T10_FULL023/package/ip/t06_rt_mult_s41_s38/t06_rt_mult_s41_s38.xci,ip/config/t06_rt_mult_s41_s38/t06_rt_mult_s41_s38.xci,21067B001D481B311B3B33A689A5149F54C2FE52ED5D01309A7DC5C1693A9896,21067B001D481B311B3B33A689A5149F54C2FE52ED5D01309A7DC5C1693A9896,byte-identical original XCI; historical FLGC metadata retained pending Vivado-native FLGB retarget; CONFIG parameters must not change
reports/t10/design/T10_FULL023/package/ip/t06_rt_mult_s41_s41/t06_rt_mult_s41_s41.xci,ip/config/t06_rt_mult_s41_s41/t06_rt_mult_s41_s41.xci,11A5A425C9C8ACAC9C0FD2BE834D33F2ABF810CE8F4068FAF66907A36D8C5A0D,11A5A425C9C8ACAC9C0FD2BE834D33F2ABF810CE8F4068FAF66907A36D8C5A0D,byte-identical original XCI; historical FLGC metadata retained pending Vivado-native FLGB retarget; CONFIG parameters must not change
reports/t10/design/T10_FULL023/package/ip/t06_rt_mult_s41_u38/t06_rt_mult_s41_u38.xci,ip/config/t06_rt_mult_s41_u38/t06_rt_mult_s41_u38.xci,C7F97C9B0B217CF3FA72D6910446F2594522DFEBF1A48C8582B76593302B98AB,C7F97C9B0B217CF3FA72D6910446F2594522DFEBF1A48C8582B76593302B98AB,byte-identical original XCI; historical FLGC metadata retained pending Vivado-native FLGB retarget; CONFIG parameters must not change
reports/t10/design/T10_FULL023/package/ip/t06_rt_mult_u30_s42/t06_rt_mult_u30_s42.xci,ip/config/t06_rt_mult_u30_s42/t06_rt_mult_u30_s42.xci,A4422DE6D8CB6466175B6AA58DCC7731928C42AB88069432532A312074049B0D,A4422DE6D8CB6466175B6AA58DCC7731928C42AB88069432532A312074049B0D,byte-identical original XCI; historical FLGC metadata retained pending Vivado-native FLGB retarget; CONFIG parameters must not change
reports/t10/design/T10_FULL023/package/ip/t06_rt_mult_u30_u43/t06_rt_mult_u30_u43.xci,ip/config/t06_rt_mult_u30_u43/t06_rt_mult_u30_u43.xci,7CD3CE4890C050373E2E3243AACBCD3A01D97DED3AF1C462BBB99435BDB0C52C,7CD3CE4890C050373E2E3243AACBCD3A01D97DED3AF1C462BBB99435BDB0C52C,byte-identical original XCI; historical FLGC metadata retained pending Vivado-native FLGB retarget; CONFIG parameters must not change
reports/t10/design/T10_FULL023/package/ip/t06_rt_mult_u30_u48/t06_rt_mult_u30_u48.xci,ip/config/t06_rt_mult_u30_u48/t06_rt_mult_u30_u48.xci,B8DB3A96CB9CF29D7B63679A0346B26FDA69B3C0B7E5182F40A4653BF34101A9,B8DB3A96CB9CF29D7B63679A0346B26FDA69B3C0B7E5182F40A4653BF34101A9,byte-identical original XCI; historical FLGC metadata retained pending Vivado-native FLGB retarget; CONFIG parameters must not change
reports/t10/design/T10_FULL023/package/ip/t06_rt_mult_u48_u20/t06_rt_mult_u48_u20.xci,ip/config/t06_rt_mult_u48_u20/t06_rt_mult_u48_u20.xci,E18EF48C55364799D26D967B6F81458B2A5833F5067AF79B7ED10DE46E037443,E18EF48C55364799D26D967B6F81458B2A5833F5067AF79B7ED10DE46E037443,byte-identical original XCI; historical FLGC metadata retained pending Vivado-native FLGB retarget; CONFIG parameters must not change
reports/t10/design/T10_FULL023/package/ip/t06_sg_div_u53_u37/t06_sg_div_u53_u37.xci,ip/config/t06_sg_div_u53_u37/t06_sg_div_u53_u37.xci,4ACC70F061389E9B3832E0F9F168F6851176F9319DA290CCB3F14557235A7E8C,4ACC70F061389E9B3832E0F9F168F6851176F9319DA290CCB3F14557235A7E8C,byte-identical original XCI; historical FLGC metadata retained pending Vivado-native FLGB retarget; CONFIG parameters must not change
reports/t10/design/T10_FULL023/package/ip/t06_sg_mult_u37_u16/t06_sg_mult_u37_u16.xci,ip/config/t06_sg_mult_u37_u16/t06_sg_mult_u37_u16.xci,7F5783650D026B131F981DA50D588D206546BB3D176DAB54241663983F9CB6D9,7F5783650D026B131F981DA50D588D206546BB3D176DAB54241663983F9CB6D9,byte-identical original XCI; historical FLGC metadata retained pending Vivado-native FLGB retarget; CONFIG parameters must not change
reports/t10/design/T10_FULL023/package/ip/t06_wp_mult_u64_u33/t06_wp_mult_u64_u33.xci,ip/config/t06_wp_mult_u64_u33/t06_wp_mult_u64_u33.xci,C559F11C748BAE969B1043BB9969A063BA6A0CA4388BDF5A58639AD47AC4339B,C559F11C748BAE969B1043BB9969A063BA6A0CA4388BDF5A58639AD47AC4339B,byte-identical original XCI; historical FLGC metadata retained pending Vivado-native FLGB retarget; CONFIG parameters must not change
reports/t10/design/T10_FULL023/package/ip/t07_g3_down15/t07_g3_down15.xci,ip/config/t07_g3_down15/t07_g3_down15.xci,FFAA50A52952A613ECA764731083BFF0F646D843052FBA0D8A0C12D1AE6FFBCD,FFAA50A52952A613ECA764731083BFF0F646D843052FBA0D8A0C12D1AE6FFBCD,byte-identical original XCI; historical FLGC metadata retained pending Vivado-native FLGB retarget; CONFIG parameters must not change
reports/t10/design/T10_FULL023/package/ip/t07_g3_down47/t07_g3_down47.xci,ip/config/t07_g3_down47/t07_g3_down47.xci,CE7387CD1DFABDD8417025C1A572452BCABBE39CBB896AFE3BDB7FD426457F61,CE7387CD1DFABDD8417025C1A572452BCABBE39CBB896AFE3BDB7FD426457F61,byte-identical original XCI; historical FLGC metadata retained pending Vivado-native FLGB retarget; CONFIG parameters must not change
reports/t10/design/T10_FULL023/package/ip/t07_g3_up15/t07_g3_up15.xci,ip/config/t07_g3_up15/t07_g3_up15.xci,FBCA4276AA9147C53997359A2617DDD43FC9597412835FA008EC95B13B1F7E9E,FBCA4276AA9147C53997359A2617DDD43FC9597412835FA008EC95B13B1F7E9E,byte-identical original XCI; historical FLGC metadata retained pending Vivado-native FLGB retarget; CONFIG parameters must not change
reports/t10/design/T10_FULL023/package/ip/t07_g3_up47/t07_g3_up47.xci,ip/config/t07_g3_up47/t07_g3_up47.xci,097CC41E6F914A69D086FBB3AB7D38F83D2E7609F2E545731FA9DD7551529A65,097CC41E6F914A69D086FBB3AB7D38F83D2E7609F2E545731FA9DD7551529A65,byte-identical original XCI; historical FLGC metadata retained pending Vivado-native FLGB retarget; CONFIG parameters must not change
reports/t10/design/T10_FULL023/package/tb/t10_full023_fifo_observer.sv,sim/tb/t10_full023_fifo_observer.sv,B72A81B5DD062CBAFCDECC179C68631905616E44F7B45CF8CBF2E650E0A288FC,B72A81B5DD062CBAFCDECC179C68631905616E44F7B45CF8CBF2E650E0A288FC,byte-identical copy
reports/t10/design/T10_FULL023/package/tb/t10_full023_tb.sv,sim/tb/t10_full023_tb.sv,E50246C79470334DED125DAC1D6C8337855C45924CECC12890347018CAC229C4,E50246C79470334DED125DAC1D6C8337855C45924CECC12890347018CAC229C4,byte-identical copy
reports/t10/design/T10_FULL023/package/fixtures/raw.mem,sim/data/raw.mem,8EE64DC2C60497176D98FB68D4259E805AB0122D2933A4059F25BE3A80AE33DA,8EE64DC2C60497176D98FB68D4259E805AB0122D2933A4059F25BE3A80AE33DA,byte-identical copy
reports/t10/design/T10_FULL023/package/fixtures/r1.mem,sim/data/r1.mem,9A10E8A668C72645DB11ECABE2F95B19FE297939A2161B5A225B886AED0708E5,9A10E8A668C72645DB11ECABE2F95B19FE297939A2161B5A225B886AED0708E5,byte-identical copy
reports/t10/design/T10_FULL023/package/fixtures/r2.mem,sim/data/r2.mem,EE1B6AB0FE36EFC43CA6F293B1C3F42797CE3483C9C6CA387B226D0088E18894,EE1B6AB0FE36EFC43CA6F293B1C3F42797CE3483C9C6CA387B226D0088E18894,byte-identical copy
reports/t10/design/T10_FULL023/package/fixtures/delay.mem,sim/data/delay.mem,CA339B6D39A32C0B190B9CC6E3E2258C063E861B9DF1BF994AAD15A3B71EBD4B,CA339B6D39A32C0B190B9CC6E3E2258C063E861B9DF1BF994AAD15A3B71EBD4B,byte-identical copy
reports/t10/design/T10_FULL023/package/fixtures/delta.mem,sim/data/delta.mem,53023254A2CB1EBCA4097E69919C0E6ED3FBDF86B274F19BC25DC182CB89C477,53023254A2CB1EBCA4097E69919C0E6ED3FBDF86B274F19BC25DC182CB89C477,byte-identical copy
reports/t10/design/T10_FULL023/package/t09_pilot_phase.mem,sim/data/t09_pilot_phase.mem,849DC48015473BF266B2B5B9A62F8FFD400AD82E9BF2E1E16CB99FDCC6F611FF,849DC48015473BF266B2B5B9A62F8FFD400AD82E9BF2E1E16CB99FDCC6F611FF,byte-identical copy
reports/t10/design/T10_FULL023/package/fixtures/provenance.json,sim/data/provenance.json,25E1B9C25B7430B8121A54A03E90B1FE906A8C626AF2455A529821A510E29C71,25E1B9C25B7430B8121A54A03E90B1FE906A8C626AF2455A529821A510E29C71,"byte-identical provenance; original absolute MAT locations are audit references, not runtime inputs"
reports/t10/design/T10_FULL023/package/evidence/t09_fixed007_case006.json,tools/analysis/evidence/t09_fixed007_case006.json,F9E4A340C5B2DDC8954A2DFF62BF2EB3AFFDB043F8B4C8B2B4A0BC6BFAB4F098,F9E4A340C5B2DDC8954A2DFF62BF2EB3AFFDB043F8B4C8B2B4A0BC6BFAB4F098,byte-identical copy
reports/t10/design/T10_FULL023_RUN001/package/check_prefix.py,tools/analysis/check_prefix.py,DF972BD3A3EE09D6C0E7A52440A1DB2D0B03B80B4C191BF55137967F00642C40,67156DB3EAD15535C79ED98F6C5820D9807E56F704675151BE93783AD4F52490,RUN001 reviewed canon preserved; optional explicit saved GUI log path only; all FIFO predicates and unknown-error rejection unchanged
,rtl/sources.f,,AF563F9FD1DF0806305AEFBB58DC0F65F5139F2B155784D37C1557580BCE9B8B,new migration file; not native-validated
,ip/ip_names.txt,,C33880EFE087A6CB7FB4CA41221816DBEC78D4DB1E22B2BE7668270800FEC00C,new migration file; not native-validated
,ip/expected_user_config.json,,1027260998AB9660D71D898C7684E4CEA46BEBDBC0F34C7EA21175A31DAAA4E7,new migration file; not native-validated
,rtl/vendor/xpm/README_ZH.md,,D067EEB78CE05A5FF32CFE3AA867738E8D98EB3072A4C9C2DD105B23116D71CB,new migration file; not native-validated
,ip/README_ZH.md,,7287C10503C4EA7946333A8C56D6518E84FDD9BBE9B60C8E1FC7372B0777EC88,new migration file; not native-validated
,constraints/t10_root_clocks.xdc,,2E2C1FF7016504A9D2FEB9A9B28B6D5E055062F36609D0FE97B02B9F1F30C05F,new migration file; not native-validated
,tools/vivado/create_project.tcl,,03FBCAA247B3B96EF0F7F40A6879A94140C77414DC5EA7A01D6280215BF0EC42,new migration file; not native-validated
,tools/vivado/start_simulation_0ns.tcl,,BD7DBB1F6BFE079D1C6CD5EA07EEEF262CABADD5EA271FC993B4BC1647B66F50,new migration file; not native-validated
,tools/vivado/setup_waves.tcl,,9FF84B8CF9F16C22299035E3816A56D0E8764B74CF49666AC155E515C85D75D0,new migration file; not native-validated
reports/t10/design/T10_FULL023/package/validate_full023.py,tools/analysis/validate_gui.py,3EC7AE028E452C16F30E1A8B88FD4B5ED4216F3BCB22CC5940393C0C972E0BC3,3CF1B905001B988873BBE69BBFEBA24DE5C957A0EDFD880B8629410852119EB0,"Path and source-identity adaptation only; same counts/IQ<=1LSB/estimates/causality/FIFO gates; saved GUI log replaces batch pipe receipt, explicitly no cleanup/sealing claim"
reports/t10/design/T10_FULL023/package/report_evm.py,tools/analysis/report_evm_gui.py,7D3D0F8B55BAD97430E8E51859CBB258B47C155C6735847EA6DAD566D92907F4,3D4EF26440B4A391662429E5EF9C80E5C4AD17CF281C2CEEE1FE0CD9361A2462,Path adaptation only; identical numeric gates and EVM definition; offline NumPy required
,tools/analysis/migration_diff.patch,,6089ED262940A0098A26AF4B43C4A8F7278D27A82860530A263565DACAD4EC67,Exact textual diffs of the three path-adapted existing checkers
,tools/analysis/README_ZH.md,,FC58D3368F20BA3CD8DEF187ECF531F8D1109F78071FBD9CE6AFBB7C207F6B72,new migration file
,docs/RTL_MIGRATION_NOTES_ZH.md,,AD5D5025190FD888B2E7B4FF44F9EC56680D6F14B3CD9D38170C83F25B31E027,new migration file
